time_datetime,Pbss,Pbss_bus8_Bus8_bTX,Pbss_bus8_real,Pbss_bus8_ref_real,Pbss_ref,Phres,Phres_real,Phres_ref,Ptot_wind1_real,Pwind
15:45:50,-368.703643798828,-0.00534572371200328,-397.17961628505,2,4725.69094848633,3274.30905151367,3245.9137566929,8000,3643.09337297795,3643.0126953125
15:45:57,4330.6044921875,7.07586283631978,4324.47214047553,4725.69091796875,4746.13870239258,7979.55224609375,7974.46519653537,8000,3649.99305605984,3648.94775390625
15:46:03,4356.65869140625,7.12392892098047,4365.93404837854,4746.138671875,4733.5461730957,8012.59252929688,8020.43823810668,8000,3654.50418972814,3655.93383789062
15:46:09,4334.29833984375,7.08355777463119,4338.74362880889,4733.54638671875,4733.5461730957,7994.06762695312,7999.28396604726,8000,3660.54033723837,3659.76928710938
15:46:14,4335.14404296875,7.13042696529011,4358.99224948513,4733.54638671875,4733.5461730957,8000.29663085938,8024.30907165596,8000,3665.31682217083,3665.15258789062
15:46:19,4352.2451171875,7.08455333352289,4332.47423119952,4733.54638671875,4710.60134887695,8022.94482421875,8004.10693801833,8000,3671.63270681882,3670.69970703125
15:46:25,4310.48583984375,7.09162799797566,4327.60340569147,4710.6015625,4724.65139770508,7985.94995117188,8003.8988688337,8000,3676.29546314223,3675.46411132812
15:46:30,4342.9638671875,7.10241027904298,4348.65380202348,4724.6513671875,4701.02688598633,8023.62451171875,8029.22189628909,8000,3680.56809426562,3680.66064453125
15:46:35,4326.40185546875,7.03571855670857,4307.20839844774,4701.02685546875,4687.97756958008,8013.04931640625,7993.69573632791,8000,3686.48733788017,3686.6474609375
15:46:41,4297.64306640625,7.04321737411244,4310.32353952893,4687.9775390625,4699.36331176758,7988.6142578125,8001.23830129517,8000,3690.91476176624,3690.97119140625
15:46:46,4300.47216796875,7.07930725999279,4322.35718505681,4699.36328125,4699.36331176758,7996.78637695312,8018.98167952698,8000,3696.62449447017,3696.31420898438
15:46:51,4299.44482421875,7.07150707804116,4313.92113378508,4699.36328125,4699.36331176758,8001.6845703125,8016.25881706013,8000,3702.33768327505,3702.23974609375
15:46:57,4298.80859375,7.07916926331361,4322.97145835588,4699.36328125,4699.36331176758,8005.4599609375,8029.8609244313,8000,3706.88946607542,3706.6513671875
15:47:02,4298.78076171875,7.07860584743129,4321.09338938864,4699.36328125,4688.7473449707,8010.61596679688,8033.31637972716,8000,3712.22299033852,3711.83520507812
15:47:07,4300.78955078125,7.04289815943854,4310.37847487843,4688.74755859375,4669.97708129883,8018.77026367188,8027.23261758631,8000,3716.85414270788,3717.98071289062
15:47:13,4270.55615234375,7.01751246824967,4278.15651237308,4669.97705078125,4669.97708129883,7992.57568359375,8001.46347046264,8000,3723.30695808955,3722.01953125
15:47:18,4293.9697265625,6.99386329597972,4279.74587664066,4669.97705078125,4647.4426574707,8022.53442382812,8007.43379773284,8000,3727.68792109218,3728.56469726562
15:47:23,4248.208984375,6.95715506851169,4246.95318231142,4647.44287109375,4666.23733520508,7981.20532226562,7980.68912538942,8000,3733.73594307799,3732.99633789062
15:47:29,4286.208984375,6.98581615736475,4265.77011946985,4666.2373046875,4642.11575317383,8024.12158203125,8004.71791404461,8000,3738.94779457476,3737.91259765625
15:47:34,4241.78955078125,6.94944776369036,4241.71890488548,4642.11572265625,4657.53616333008,7984.57958984375,7985.83777828647,8000,3744.118873401,3742.7900390625
15:47:39,4260.328125,6.99768955497909,4265.38542291603,4657.5361328125,4657.53616333008,8009.06689453125,8014.653850927,8000,3749.26842801098,3748.73876953125
15:47:44,4268.34130859375,6.97991985210176,4258.16222448285,4657.5361328125,4634.71853637695,8022.81762695312,8012.77396319027,8000,3754.61173870742,3754.47631835938
15:47:50,4234.49072265625,6.97986662739228,4254.60662618391,4634.71875,4634.71853637695,7993.14453125,8013.60441069645,8000,3758.99778451254,3758.65380859375
15:47:55,4241.5966796875,6.95688650121854,4239.31812035996,4634.71875,4634.71853637695,8005.58959960938,8004.26185160175,8000,3764.9437312418,3763.99291992188
15:48:00,38741.95703125,60.4679547179895,39100.2379318195,46347.1875,-29879.9570007324,42514.6755371094,42869.2012158222,8000,3768.96328400273,3772.71850585938
15:48:06,-38690.79296875,-57.3694852083244,-38691.8055933465,-298799.5703125,13035.4287414551,-34915.3857421875,-34916.2637124092,8000,3775.54188093727,3775.4072265625
15:48:11,38740.57421875,58.7456925502824,38741.2994663533,130354.287109375,-21485.1549987793,42520.5837402344,42520.6749557996,8000,3779.37548944637,3780.00952148438
15:48:16,-38767.52734375,-57.5363231677641,-38801.6735594371,-214851.54296875,21497.7007141113,-34982.8557128906,-35016.1229312776,8000,3785.55062815947,3784.67163085938
15:48:22,38797.62890625,58.8342465430667,38797.1771787604,214977.01171875,-13090.2956237793,42587.9963378906,42587.3315566443,8000,3790.15437788392,3790.36743164062
15:48:27,-38729.390625,-57.4812761114101,-38763.7711224754,-130902.958984375,29842.8891906738,-34933.1848144531,-34967.8085809456,8000,3795.96254152971,3796.20581054688
15:48:33,38791.734375,58.8681612337186,38800.786776254,298428.88671875,-4749.14401245117,42592.033203125,42601.7480196885,8000,3800.96124343445,3800.298828125
15:48:38,-38746.55078125,-57.4930527520565,-38776.2461900069,-47491.4404296875,38191.5022277832,-34940.6462402344,-34969.53665747,8000,3806.70953253695,3805.90454101562
15:48:44,38807.31640625,58.8670135256014,38800.5307803889,381915.0390625,3572.18313598633,42619.3190917969,42611.9517393674,8000,3811.42095897848,3812.00268554688
15:48:49,35274.98046875,53.5490887028725,35280.750774526,35721.8310546875,-27520.3239440918,39092.5070800781,39097.2035917186,8000,3816.45281719256,3817.52661132812
15:48:54,-38886.18359375,-57.6165093814178,-38858.257147209,-275203.2421875,15543.880645752,-35064.2045898438,-35036.7957742889,8000,3821.46137292012,3821.97900390625
15:49:00,38736.3359375,58.7771845327798,38740.8638228352,155438.80859375,-19019.0033874512,42562.8840332031,42568.5732174286,8000,3827.70939459344,3826.54809570312
15:49:05,-38740.97265625,-57.4755837686997,-38761.3807375604,-190190.0390625,23889.7414855957,-34908.7448730469,-34928.2490642723,8000,3833.13167328806,3832.22778320312
15:49:11,38804.92578125,58.8461041696002,38795.9009292548,238897.421875,-10753.4618835449,42643.2033691406,42634.2829730771,8000,3838.38204382231,3838.27758789062
15:49:16,-38759.609375,-57.4594533810082,-38748.7583899476,-107534.619140625,32163.3237609863,-34916.7856445312,-34906.5083519909,8000,3842.25003795673,3842.82373046875
15:49:21,38802.93359375,58.863319297217,38812.1390793244,321633.2421875,-2488.26119995117,42651.5849609375,42659.643212422,8000,3847.50413309764,3848.6513671875
15:49:27,-25298.28125,-37.2788793375029,-25272.6077285424,-24882.6123046875,26957.1809387207,-21445.4421386719,-21419.2452422636,8000,3853.36248627879,3852.83911132812
15:49:32,38856.578125,58.9466385442022,38852.3296980877,269571.81640625,-7757.78219604492,42714.9631347656,42711.8350457333,8000,3859.50534764562,3858.38500976562
15:49:37,-38782.2734375,-57.53956158997,-38804.8152911738,-77577.822265625,35159.7768859863,-34917.5590820312,-34940.3223768661,8000,3864.49291430767,3864.71435546875
15:49:43,38774.82421875,58.8365548337067,38788.2653764614,351597.7734375,516.447784423828,42643.3291015625,42657.0276142596,8000,3868.76223779822,3868.5048828125
15:49:48,4764.263671875,7.77282574374883,4782.50959725488,5164.4775390625,-122.843719482422,8639.29150390625,8656.72557635628,8000,3874.21597910141,3875.02783203125
15:49:53,-1602.02624511719,-1.84641080866212,-1615.33865868784,-1228.43719482422,5600.19107055664,2276.96520996094,2264.02478375002,8000,3879.36344243785,3878.99145507812
15:49:59,38864.2578125,58.9289068086461,38859.7612114795,56001.9091796875,-29149.5855407715,42749.7766113281,42744.25767834,8000,3884.4964668605,3885.51879882812
15:50:04,-29573.173828125,-43.6965252817927,-29560.4094624432,-29149.5859375,4534.17227172852,-25683.7578125,-25669.873760547,8000,3890.5357018962,3889.416015625
15:50:10,4154.43603515625,6.79195975638336,4137.21925428472,4534.17236328125,4485.08364868164,8049.08862304688,8033.20124455913,8000,3895.98199027441,3894.65258789062
15:50:15,4104.91064453125,6.73520654140529,4106.11820404897,4485.08349609375,4485.08364868164,8005.47924804688,8005.94668065467,8000,3899.82847660571,3900.56860351562
15:50:20,4090.19311523438,6.75454340867618,4107.41458145294,4485.08349609375,4485.08364868164,7996.09399414062,8012.86316893914,8000,3905.4485874862,3905.90087890625
15:50:26,4089.70141601562,6.74186891593842,4095.33854541032,4485.08349609375,4485.08364868164,8001.24291992188,8006.85727598945,8000,3911.51873057913,3911.54150390625
15:50:31,4099.54052734375,6.7501009754271,4109.46991169666,4485.08349609375,4469.05899047852,8016.02465820312,8025.08810456598,8000,3915.61819286932,3916.48413085938
15:50:36,4085.08422851562,6.698163069804,4070.91775010544,4469.05908203125,4469.05899047852,8007.14965820312,7993.08606626828,8000,3922.16831616284,3922.0654296875
15:50:42,4089.89184570312,6.689553470129,4072.96458538993,4469.05908203125,4452.27896118164,8016.78002929688,7999.87708532013,8000,3926.9124999302,3926.88818359375
15:50:47,4057.0498046875,6.69097362022534,4061.76125155471,4452.27880859375,4463.99380493164,7988.28515625,7994.23588427653,8000,3932.47463272182,3931.2353515625
15:50:52,4066.61499023438,6.7199476124005,4088.13268426068,4463.99365234375,4463.99380493164,8003.59228515625,8024.71632494522,8000,3936.58364068454,3936.97729492188
15:50:58,4076.80444335938,6.69099187684534,4065.99407125364,4463.99365234375,4445.24746704102,8018.74633789062,8009.07768242604,8000,3943.0836111724,3941.94189453125
15:51:03,4048.90014648438,6.69421054612862,4067.18746349494,4445.24755859375,4445.24746704102,7996.04296875,8014.55127717675,8000,3947.36381368181,3947.14282226562
15:51:09,4058.37939453125,6.65428516790412,4047.82939254727,4445.24755859375,4433.35806274414,8011.88940429688,8001.06955383765,8000,3953.24016129039,3953.51000976562
15:51:14,4048.05859375,6.66562132656118,4044.79595928841,4433.35791015625,4433.35806274414,8005.9619140625,8003.35876481486,8000,3958.56280552645,3957.9033203125
15:51:19,4055.97680664062,6.64035984085347,4042.44442106922,4433.35791015625,4414.58242797852,8018.77563476562,8005.61335876485,8000,3963.16893769563,3962.798828125
15:51:25,4037.30200195312,6.61356973690928,4024.811404306,4414.58251953125,4414.58242797852,8006.1162109375,7993.14959122492,8000,3968.33818691892,3968.81420898438
15:51:30,4017.59545898438,6.62883847485535,4021.13895947544,4414.58251953125,4414.58242797852,7991.99291992188,7995.62424128413,8000,3974.48528180869,3974.3974609375
15:51:36,4029.29223632812,6.61010885974073,4021.72956908851,4414.58251953125,4414.58242797852,8009.07568359375,8000.83188999663,8000,3979.10232090812,3979.78344726562
15:51:41,4036.26879882812,6.61697361345652,4027.2806944855,4414.58251953125,4393.25967407227,8021.32275390625,8011.29460144373,8000,3984.01390695822,3985.05395507812
15:51:46,3998.26293945312,6.59981616324033,4001.35828173259,4393.259765625,4404.76040649414,7988.49926757812,7991.62566168049,8000,3990.26737994791,3990.236328125
15:51:52,4022.96923828125,6.61586578575198,4024.90515681522,4404.76025390625,4386.26065063477,8018.49975585938,8019.15891511553,8000,3994.25375830031,3995.53051757812
15:51:57,3989.05859375,6.60118968223434,4010.05051939635,4386.2607421875,4397.05972290039,7989.20092773438,8009.64049081438,8000,3999.58997141804,4000.14233398438
15:52:03,4016.09423828125,6.61468456273541,4020.50588273515,4397.0595703125,4375.46670532227,8021.59301757812,8025.29492758666,8000,4004.7890448515,4005.49877929688
15:52:08,13989.4560546875,21.5445933503817,13971.6128545519,14375.466796875,-5625.05062866211,18000.5173339844,17982.5698576138,8000,4010.95700306194,4011.06127929688
15:52:13,3997.48999023438,6.54983796446397,3978.79411960733,4374.94921875,-5637.89657592773,8012.84594726562,7994.8929304407,8000,4016.09881083337,4015.35595703125
15:52:19,3968.48706054688,6.56524912585437,3985.71597734412,4362.103515625,-5627.03939819336,7989.14282226562,8006.39011987666,8000,4020.67414253254,4020.65576171875
15:52:24,3984.91650390625,6.55252593594063,3975.18362644523,4372.96044921875,-5637.95199584961,8010.91259765625,8002.35565607577,8000,4027.17202963054,4025.99609375
15:52:30,3978.04467773438,6.54499051853963,3978.7467021484,4362.0478515625,-5648.24423217773,8010.29223632812,8010.01736586607,8000,4031.27066371767,4032.24755859375
15:52:35,3954.27368164062,6.55281303886944,3972.95967506866,4351.755859375,-5648.24423217773,7990.67700195312,8009.82452782255,8000,4036.86485275389,4036.4033203125
15:52:40,3973.607421875,6.51499534381037,3956.56993568554,4351.755859375,-5664.02890014648,8015.78466796875,7999.0843715299,8000,4042.51443584435,4042.17724609375
15:52:46,3956.1396484375,6.49216718902451,3941.87539268154,4335.97119140625,-5664.02890014648,8003.56494140625,7989.55151051685,8000,4047.6761178353,4047.42529296875
15:52:51,3941.65625,6.49829916626114,3938.39046787951,4335.97119140625,-5664.02890014648,7994.4716796875,7991.94935212945,8000,4053.55888424994,4052.8154296875
15:52:57,3949.41796875,6.52486710499559,3959.44544015492,4335.97119140625,-5664.02890014648,8007.30834960938,8017.0273502415,8000,4057.58191008658,4057.89038085938
15:53:02,3938.15234375,6.52469129850623,3951.53295977713,4335.97119140625,-5664.02890014648,8000.912109375,8015.1930295073,8000,4063.66006973017,4062.759765625
15:53:07,3938.27124023438,6.52831997595307,3955.77203452272,4335.97119140625,-5664.02890014648,8006.3017578125,8024.3520860652,8000,4068.58005154247,4068.03051757812
15:53:13,3941.57299804688,6.51676245287024,3945.96937373434,4335.97119140625,-5680.22763061523,8016.19873046875,8020.43865023296,8000,4074.46927649863,4074.62573242188
15:53:18,3934.56127929688,6.47043911257885,3922.05761345218,4319.7724609375,-5694.49203491211,8014.26440429688,8001.85503942918,8000,4079.797425977,4079.703125
15:53:24,3922.72534179688,6.44988709614979,3907.83875073369,4305.5078125,-5694.49203491211,8007.79345703125,7992.9414808698,8000,4085.10273013611,4085.06811523438
15:53:29,3908.07373046875,6.48116777300426,3923.4435986181,4305.5078125,-5694.49203491211,7997.2744140625,8013.26814604755,8000,4089.82454742945,4089.20068359375
15:53:34,3928.70654296875,6.44970002284447,3914.75698044226,4305.5078125,-5718.45980834961,8023.9677734375,8009.63691081771,8000,4094.87993037545,4095.26123046875
15:53:40,3885.04565429688,6.43259895495899,3890.22599696666,4281.5400390625,-5704.56063842773,7986.10083007812,7991.14702525454,8000,4100.92102828787,4101.05517578125
15:53:45,3916.46997070312,6.44152492489454,3910.03559003918,4295.439453125,-5727.17367553711,8022.61303710938,8015.16288157623,8000,4105.12729153705,4106.14306640625
15:53:51,3893.73608398438,6.39997737457428,3881.57043514033,4272.826171875,-5727.17367553711,8005.29418945312,7992.32553144649,8000,4110.75509630616,4111.55810546875
15:53:56,3880.28881835938,6.41380717358607,3878.94119695111,4272.826171875,-5727.17367553711,7997.13891601562,7995.74571904748,8000,4116.80452209637,4116.85009765625
15:54:01,-6097.7255859375,-8.60160629833639,-6116.02169906261,-5727.173828125,4248.43032836914,-1975.60400390625,-1994.20538162341,8000,4121.8163174392,4122.12158203125
15:54:07,3869.07397460938,6.36823179244794,3861.51917475442,4248.43017578125,4248.43032836914,7995.80786132812,7987.86977972774,8000,4126.35060497332,4126.73388671875
15:54:12,3863.47021484375,6.39565975041456,3870.89180695158,4248.43017578125,4248.43032836914,7995.341796875,8002.46726944136,8000,4131.57546248978,4131.87158203125
15:54:18,3869.16455078125,6.37325153428862,3853.04524977055,4248.43017578125,4248.43032836914,8006.01318359375,7991.08735077225,8000,4138.0421010017,4136.8486328125
15:54:23,3856.4404296875,6.38713486562204,3859.95403550087,4248.43017578125,4248.43032836914,7999.8154296875,8003.07334682861,8000,4143.11931132774,4143.375
15:54:29,3868.55200195312,6.36141635888474,3852.19417650195,4248.43017578125,4232.20303344727,8016.22729492188,8000.54283194012,8000,4148.34865543817,4147.67529296875
15:54:34,3838.81103515625,6.36566667149133,3854.74151173713,4232.203125,4232.20303344727,7991.91943359375,8007.35976998677,8000,4152.61825824963,4153.1083984375
15:54:40,3841.70849609375,6.34861347478931,3836.69098048919,4232.203125,4232.20303344727,8000.33056640625,7995.97779174342,8000,4159.28681125424,4158.6220703125
15:54:45,3850.17456054688,6.34417676764116,3835.55493546958,4232.203125,4218.57437133789,8013.62866210938,8000.09268911323,8000,4164.53775364365,4163.4541015625
15:54:50,3831.0927734375,6.34498951806563,3841.00796277299,4218.57421875,4218.57437133789,8000.103515625,8009.52060670697,8000,4168.51264393398,4169.0107421875
15:54:56,3823.12768554688,6.35154461163583,3839.54724565312,4218.57421875,4218.57437133789,7997.38354492188,8013.82800314856,8000,4174.28075749544,4174.255859375
15:55:01,3822.3505859375,6.35037817506076,3836.86204900695,4218.57421875,4218.57437133789,8002.1416015625,8016.69401279553,8000,4179.83196378858,4179.791015625
15:55:07,3824.7236328125,6.34546465449018,3832.21164874424,4218.57421875,4218.57437133789,8009.17724609375,8017.6720571981,8000,4185.46040845386,4184.45361328125
15:55:12,3840.36352539062,6.32031264246339,3828.20010803588,4218.57421875,4187.32119750977,8031.25317382812,8018.46767817978,8000,4190.2675701439,4190.8896484375
15:55:18,3794.03564453125,6.30358293064282,3809.56984852623,4187.3212890625,4197.80166625977,7989.51953125,8004.89936125591,8000,4195.32951272968,4195.48388671875
15:55:23,3804.57177734375,6.29029671458467,3800.9628437571,4197.8017578125,4197.80166625977,8004.97998046875,8002.626194877,8000,4201.6633511199,4200.408203125
15:55:29,3802.66796875,6.31692942283805,3813.75098743946,4197.8017578125,4197.80166625977,8009.69189453125,8020.30890179572,8000,4206.55791435626,4207.02392578125
15:55:34,3819.49975585938,6.28736074051088,3805.69732900102,4197.8017578125,4165.88980102539,8031.91186523438,8017.36959441165,8000,4211.67226541064,4212.412109375
15:55:40,3773.00854492188,6.25653514934596,3784.98959477377,4165.8896484375,4176.21328735352,7989.67651367188,8001.37607241422,8000,4216.38647764045,4216.66796875
15:55:45,3780.60791015625,6.27612730336277,3786.35177346726,4176.21337890625,4176.21328735352,8002.3310546875,8009.22688334864,8000,4222.87510988138,4221.72314453125
15:55:50,3788.90356445312,6.28575916424133,3793.90854204699,4176.21337890625,4160.27603149414,8015.93725585938,8021.62329637118,8000,4227.71475432419,4227.03369140625
15:55:56,3779.544921875,6.23841834918951,3764.34533265593,4160.27587890625,4147.83560180664,8012.4404296875,7998.05353621742,8000,4233.70820356149,4232.8955078125
15:56:01,9596.080078125,15.0182622735678,9613.8445033637,10000,-1686.32406616211,13834.1596679688,13851.7167619673,8000,4237.87225860357,4238.07958984375
15:56:07,9600.7646484375,15.017565923208,9612.21556374652,10000,-7530.66732788086,13844.3432617188,13855.9442254059,8000,4243.72866165935,4243.57861328125
15:56:12,9600.03515625,15.0029259919265,9602.52558051479,10000,-13379.5389099121,13848.8715820312,13852.1517176507,8000,4249.62613713593,4248.83642578125
15:56:18,9601.90625,14.9984431372385,9600.67649362656,10000,-19236.2513122559,13856.7124023438,13855.6363029808,8000,4254.95980935425,4254.80615234375
15:56:23,9616.4658203125,14.9887871115531,9604.76835251521,10000,-25112.4725036621,13876.2211914062,13864.1789181853,8000,4259.41056567012,4259.75537109375
15:56:29,9616.7421875,14.987495364821,9603.2085428822,10000,-30993.6556091309,13881.1831054688,13868.0646278707,8000,4264.85608498848,4264.44091796875
15:56:34,9599.5087890625,15.0140913291961,9608.898315424,10000,-36862.8040466309,13869.1484375,13879.5000914395,8000,4270.60177601547,4269.6396484375
15:56:40,9613.1943359375,14.9992063576302,9611.86827467355,10000,-42751.0267028809,13888.22265625,13886.8699373658,8000,4275.00166269222,4275.0283203125
15:56:45,9606.91015625,15.0043108999673,9603.02497874456,10000,-48638.7967224121,13887.7700195312,13884.5790970268,8000,4281.55411828221,4280.85986328125
15:56:51,9616.0888671875,15.0128762743002,9616.66677815074,10000,-54541.7386169434,13902.9418945312,13902.2862561077,8000,4285.619477957,4286.85302734375
15:56:56,9599.5625,15.0183801942191,9614.01288107505,10000,-60432.9617614746,13891.2231445312,13905.5212368029,8000,4291.50835572787,4291.66064453125
15:57:02,9613.28515625,14.9870908749075,9600.76812724678,10000,-66343.1365661621,13910.1748046875,13897.9331655609,8000,4297.16503831409,4296.8896484375
15:57:07,9610.2138671875,14.9932313717216,9599.53766942875,10000,-72256.2415466309,13913.1049804688,13902.4116410704,8000,4302.87397164169,4302.89111328125
15:57:12,9613.3720703125,15.0069874306891,9615.12996828628,10000,-78177.8470153809,13921.60546875,13922.0680679975,8000,4306.93809971123,4308.2333984375
15:57:18,9614.2060546875,14.9991117086072,9611.62587124065,10000,-84105.0208435059,13927.173828125,13924.0190319626,8000,4312.39316072192,4312.9677734375
15:57:23,9616.5673828125,14.9930718902026,9599.57339900523,10000,-90040.1746520996,13935.1538085938,13918.4829613768,8000,4318.90956237156,4318.58642578125
15:57:29,9616.0625,14.9878115396214,9603.07973837687,10000,-95979.6878356934,13939.5131835938,13926.6998658005,8000,4323.62012742368,4323.45068359375
15:57:34,9613.7431640625,14.9911922584011,9599.48583766044,10000,-101922.386566162,13942.6987304688,13929.0100800263,8000,4329.52424236587,4328.95556640625
15:57:40,9599.8408203125,15.0175772857096,9613.0921709031,10000,-107856.248382568,13933.8618164062,13947.4066223382,8000,4334.31445143508,4334.02099609375
15:57:45,9599.5625,15.0161907945283,9611.19210525151,10000,-113795.259124756,13939.0107421875,13951.0114712229,8000,4339.81936597138,4339.4482421875
15:57:51,9611.2900390625,15.0017159607783,9602.0914207094,10000,-119751.4402771,13956.1811523438,13947.745880351,8000,4345.65445964157,4344.89111328125
15:57:56,9599.94921875,15.0131291630866,9608.46449543774,10000,-125702.419281006,13950.9790039062,13959.1766460739,8000,4350.71215063614,4351.02978515625
15:58:02,-37443.29296875,-55.5176423253906,-37429.9510452482,-125702.421875,-84615.9617614746,-33086.4575195312,-33072.2199110015,8000,4357.73113424672,4356.83544921875
15:58:07,-38519.51171875,-57.1354855704767,-38528.4934566841,-84615.9609375,-42458.1560974121,-34157.8056640625,-34167.8823084297,8000,4360.61114825444,4361.7060546875
15:58:13,-38497.86328125,-57.121307109369,-38521.3730387115,-42458.15625,-326.910491943359,-34131.2456054688,-34154.5692137709,8000,4366.8038249406,4366.61767578125
15:58:18,-714.673278808594,-0.474299172636718,-708.065398485291,-326.910491943359,4017.30184936523,3655.78765869141,3662.32149076675,8000,4370.38688925204,4370.4609375
15:58:24,3631.58520507812,6.04294041018691,3632.4576149281,4017.3017578125,4017.30184936523,8004.59594726562,8006.42160638531,8000,4373.96399145721,4373.0107421875
15:58:29,3629.0322265625,6.03639902091077,3636.67562052333,4017.3017578125,4017.30184936523,8006.76025390625,8013.15379676372,8000,4376.47817624039,4377.72802734375
15:58:35,3622.14208984375,6.04155312455028,3630.44385565589,4017.3017578125,4017.30184936523,8002.15576171875,8011.46220925109,8000,4381.0183535952,4380.013671875
15:58:40,3623.779296875,6.04737785147564,3637.40878902301,4017.3017578125,4017.30184936523,8008.36376953125,8021.37085307996,8000,4383.96206405695,4384.58447265625
15:58:46,3637.51123046875,6.02561088722104,3631.7009663492,4017.3017578125,3992.32479858398,8024.97705078125,8018.95471121303,8000,4387.25374486383,4387.4658203125
15:58:51,3597.55346679688,6.00832012345312,3609.00373827786,3992.32470703125,4003.88412475586,7988.44067382812,8000.36715481024,8000,4391.36341653238,4390.88720703125
15:58:57,3609.4990234375,6.02048970910111,3616.40388353055,4003.88403320312,4003.88412475586,8003.61181640625,8011.56771570085,8000,4395.1638321703,4394.11279296875
15:59:02,3612.4541015625,5.99957078687304,3608.11621345427,4003.88403320312,3993.03256225586,8010.8515625,8006.86821860627,8000,4398.75200515199,4398.3974609375
15:59:08,3606.990234375,5.99634468478621,3601.010932258,3993.03247070312,3993.03256225586,8009.26171875,8003.45795617429,8000,4402.44702391629,4402.271484375
15:59:13,3601.896484375,5.99871074883916,3602.22331678879,3993.03247070312,3993.03256225586,8006.62841796875,8008.16362140017,8000,4405.94030461138,4404.73193359375
15:59:19,3606.8291015625,5.98424087945308,3597.31284321673,3993.03247070312,3977.68197631836,8015.3505859375,8006.72379161517,8000,4409.41094839843,4408.521484375
15:59:25,3590.73486328125,5.98518622845677,3599.37121344378,3977.68188476562,3977.68197631836,8002.51416015625,8011.26509038802,8000,4411.89387694424,4411.779296875
15:59:30,3599.32836914062,5.95800387723039,3583.73975383919,3977.68188476562,3961.76962280273,8015.91235351562,7999.87764210456,8000,4416.13788826537,4416.583984375
15:59:36,3582.94482421875,5.93486717752957,3569.21136392314,3961.76953125,3961.76962280273,8002.71826171875,7988.71204884808,8000,4419.50068492494,4419.7734375
15:59:41,3576.5029296875,5.96059570860923,3583.39113628219,3961.76953125,3961.76962280273,7999.4130859375,8005.82095444474,8000,4422.42981816255,4422.91015625
15:59:47,3573.51196289062,5.95442692334912,3572.54770336863,3961.76953125,3961.76962280273,7999.68286132812,7999.68812704254,8000,4427.14042367391,4426.1708984375
15:59:52,3568.52758789062,5.96285280813389,3579.31323238155,3961.76953125,3961.76962280273,7998.96899414062,8009.51477618803,8000,4430.20154380648,4430.44140625
15:59:58,3579.13916015625,5.9555973254896,3582.36289932569,3961.76953125,3948.34042358398,8013.42919921875,8015.40993692834,8000,4433.04703760265,4434.2900390625
16:00:03,3559.59912109375,5.91653520611095,3557.99800395134,3948.34033203125,3948.34042358398,7997.177734375,7995.05721792072,8000,4437.05921396937,4437.57861328125
16:00:09,3562.01391601562,5.93623489511096,3569.23225274057,3948.34033203125,3948.34042358398,8002.25659179688,8009.36507521262,8000,4440.13282247206,4440.24267578125
16:00:14,3569.27661132812,5.91517304334226,3556.17308589678,3948.34033203125,3934.12435913086,8014.21606445312,8000.47814827975,8000,4444.30506238297,4444.939453125
16:00:20,3555.3955078125,5.93771918425345,3561.30133089086,3948.34033203125,3934.12435913086,8003.3935546875,8009.50046747222,8000,4448.19913658136,4447.998046875
16:00:25,3559.2685546875,5.94133784228809,3569.74084035919,3948.34033203125,3934.12435913086,8009.998046875,8020.6167356358,8000,4450.8758952766,4450.7294921875
16:00:31,3562.85424804688,5.91831855285362,3552.9892344359,3948.34033203125,3915.85604858398,8018.26831054688,8008.41510655492,8000,4455.42587211902,4455.4140625
16:00:37,3567.62915039062,5.91881118438201,3560.22135356349,3948.34033203125,3889.44955444336,8026.40649414062,8018.34317619185,8000,4458.12182262836,4458.77734375
16:00:42,3566.01196289062,5.9150087376624,3553.97043180905,3948.34033203125,3861.04940795898,8028.40014648438,8016.20569581788,8000,4462.23526400883,4462.38818359375
16:00:48,3556.64013671875,5.93430988778895,3559.29767467904,3948.34033203125,3838.29550170898,8022.75390625,8025.30683914919,8000,4466.00916447014,4466.11376953125
16:00:53,3553.08862304688,5.94095472450298,3569.6407618945,3948.34033203125,3816.57162475586,8021.72387695312,8038.2195233743,8000,4468.5787614798,4468.63525390625
16:00:59,3568.29736328125,5.92788274914021,3565.86712788122,3948.34033203125,3775.03500366211,8041.53662109375,8037.88763534511,8000,4472.02050746389,4473.2392578125
16:01:04,3567.72241210938,5.92770358983902,3565.7646079996,3948.34033203125,3730.51083374023,8044.52416992188,8041.36375586643,8000,4475.59914786683,4476.8017578125
16:01:10,3558.76831054688,5.91689575361082,3553.18549100021,3948.34033203125,3691.80014038086,8038.71069335938,8033.38940869147,8000,4480.20391769125,4479.9423828125
16:01:15,3553.1572265625,5.94217698568479,3569.21633411793,3948.34033203125,-344.115875244141,8035.916015625,8052.11080752421,4000,4482.89447340628,4482.7587890625
16:01:21,3557.42504882812,5.93520953797562,3559.75106919318,3948.34033203125,-4388.88613891602,8044.77026367188,8047.031551745,4000,4487.28048255182,4487.34521484375
16:01:26,3558.59521484375,5.94021853622581,3569.52190105275,3948.34033203125,-8438.23672485352,8049.3505859375,8059.41554548079,4000,4489.89364442804,4490.75537109375
16:01:32,3557.634765625,5.94291038033679,3568.04678211359,3948.34033203125,-12489.7933654785,8051.556640625,8061.77776248301,4000,4493.73098036941,4493.921875
16:01:38,3557.01025390625,5.93737626608649,3561.28164048628,3948.34033203125,-16543.6961975098,8053.90283203125,8059.13404193743,4000,4497.85240145114,4496.892578125
16:01:43,3553.7158203125,5.94205466147358,3565.7738004481,3948.34033203125,-20598.2352600098,8054.5390625,8066.83232439235,4000,4501.05852394425,4500.8232421875
16:01:49,3566.18237304688,5.93336629385468,3567.96278345835,3948.34033203125,-24669.6080627441,8071.37280273438,8071.8963554583,4000,4503.93357199995,4505.1904296875
16:01:54,3563.13598632812,5.92231501426911,3562.54276504356,3948.34033203125,-28740.5921936035,8070.98413085938,8070.20647009376,4000,4507.6637050502,4507.84814453125
16:02:00,3556.4755859375,5.91554566338921,3555.67728782755,3948.34033203125,-32808.7909240723,8068.19873046875,8067.43002785325,4000,4511.7527400257,4511.72314453125
16:02:05,-33225.8203125,-49.175715371798,-33211.7345177542,-32808.7890625,-98.3680725097656,-28710.4228515625,-28696.6063045131,4000,4515.12821324113,4515.3974609375
16:02:11,-472.95166015625,-0.153478361815522,-485.358061032799,-98.3680725097656,-144.195220947266,4045.8271484375,4033.69129101949,4000,4519.04935205229,4518.77880859375
16:02:16,-520.706909179688,-0.220424635677598,-533.518477719987,-144.195220947266,-144.195220947266,4001.82141113281,3988.80812776803,4000,4522.32660548802,4522.5283203125
16:02:22,-527.561584472656,-0.195958557679248,-526.58452155989,-144.195220947266,-144.195220947266,3998.95404052734,3999.44413951397,4000,4526.02866107386,4526.515625
16:02:28,-526.6923828125,-0.221042818436856,-536.02553620014,-144.195220947266,-144.195220947266,4002.197265625,3993.6399406009,4000,4529.66547680104,4528.8896484375
16:02:33,-527.704284667969,-0.20256876001406,-522.239374056196,-144.195220947266,-144.195220947266,4005.94659423828,4010.17110250492,4000,4532.41047656111,4533.65087890625
16:02:39,-535.619384765625,-0.197106454741936,-527.21237258894,-144.195220947266,-144.195220947266,4001.30053710938,4009.60539187673,4000,4536.81776446567,4536.919921875
16:02:44,-537.214538574219,-0.220520879381662,-534.683732438538,-144.195220947266,-144.195220947266,4002.40704345703,4005.56725093232,4000,4540.25098337086,4539.62158203125
16:02:50,-531.58203125,-0.215737340624317,-536.87957007728,-144.195220947266,-155.931549072266,4011.736328125,4007.47039615521,4000,4544.34996623249,4543.318359375
16:02:56,-538.379455566406,-0.237088404999774,-548.997924480832,-155.931549072266,-155.931549072266,4009.10394287109,3998.77301900111,4000,4547.77094348194,4547.4833984375
16:03:01,-532.997253417969,-0.236160628322593,-543.975219318497,-155.931549072266,-174.404510498047,4018.47296142578,4006.73873481474,4000,4550.71395413324,4551.47021484375
16:03:07,-554.113159179688,-0.24998462383225,-553.40071949501,-174.404510498047,-174.404510498047,4000.69104003906,4000.42140300043,4000,4553.82212249544,4554.80419921875
16:03:12,-553.656982421875,-0.26588238417635,-566.567208997882,-174.404510498047,-174.404510498047,4004.61596679688,3991.69537389888,4000,4558.26258289676,4558.27294921875
16:03:18,-567.268798828125,-0.239260262034786,-552.709650389505,-174.404510498047,-174.404510498047,3994.03393554688,4008.64863803705,4000,4561.35828842656,4561.302734375
16:03:23,-567.402587890625,-0.261560926417296,-567.198788806997,-174.404510498047,-174.404510498047,3997.39526367188,3998.49015924106,4000,4565.68894804806,4564.7978515625
16:03:29,-563.531982421875,-0.24903614959858,-561.73834560834,-174.404510498047,-174.404510498047,4005.26049804688,4007.45749379269,4000,4569.19583940103,4568.79248046875
16:03:35,-561.675231933594,-0.249878545073988,-562.223922893056,-174.404510498047,-184.421173095703,4010.01666259766,4010.58257947822,4000,4572.80650237128,4571.69189453125
16:03:40,-572.001586914062,-0.275737960026002,-576.99096796602,-184.421173095703,-184.421173095703,4003.98083496094,3999.42707177641,4000,4576.41803974243,4575.982421875
16:03:46,-572.68994140625,-0.273649427210866,-576.396105004608,-184.421173095703,-184.421173095703,4007.302734375,4003.63679671555,4000,4580.03290172016,4579.99267578125
16:03:51,-568.728942871094,-0.266353311616806,-564.286830574261,-184.421173095703,-198.975433349609,4014.55426025391,4018.13583514288,4000,4582.42266571714,4583.283203125
16:03:57,-580.914184570312,-0.284160126227859,-577.072724828227,-198.975433349609,-198.975433349609,4005.52282714844,4008.94219337712,4000,4586.01491820535,4586.43701171875
16:04:03,-576.11474609375,-0.301123300915298,-587.288500582607,-198.975433349609,-213.543304443359,4014.56787109375,4002.8295695924,4000,4590.11807017501,4590.6826171875
16:04:08,-593.669982910156,-0.324372710223315,-605.790464789432,-213.543304443359,-213.543304443359,4000.49749755859,3988.36375237755,4000,4594.15421716698,4594.16748046875
16:04:14,-600.882446289062,-0.29918302475008,-593.502157823273,-213.543304443359,-213.543304443359,3996.22448730469,4003.89361793721,4000,4597.39577576048,4597.10693359375
16:04:20,-602.920104980469,-0.302483086221975,-590.88080915973,-213.543304443359,-213.543304443359,3997.50323486328,4009.58031635415,4000,4600.46112551388,4600.42333984375
16:04:25,-602.506286621094,-0.2996311122539,-590.815890123927,-213.543304443359,-213.543304443359,4001.91949462891,4013.36695797347,4000,4604.1828480974,4604.42578125
