flow id,protocol,src ip,dst ip,src port,dst port,flow idle time max,flow idle time min,flow idle time mean,flow idle time std,flow idle time variance,flow active time max,flow active time min,flow active time mean,flow active time std,flow active time variance,flow IAT max,fw IAT max,bw IAT max,flow IAT min,fw IAT min,bw IAT min,flow IAT mean,fw IAT mean,bw IAT std,flow IAT std,fw IAT std,bw IAT std.1,flow IAT tot,fw iAT tot,bw IAT tot,flow iec104 packts/s,fw iec104 packts/s,bw iec104 packts/s,flow iec104 bytes/s,fw iec104 bytes/s,bw iec104 bytes/s,flow packet APDU length max,flow packet APDU length min,flow packet APDU length mean,flow packet APDU length std,flow packet APDU length var,fw packet APDU length max,fw packet APDU length min,fw packet APDU length mean,fw packet APDU length std,fw packet APDU length var,bw packet APDU length max,bw packet APDU length min,bw packet APDU length mean,bw packet APDU length std,bw packet APDU length var,total flow packets,total fw packets,total bw packets,flow packets APDU total length,fw packets APDU total length,bw packets APDU total length,flow duration,flow down/up ratio,flow total IEC104_I_Message_SeqIOA packets,fw total IEC104_I_Message_SeqIOA packets,bw total IEC104_I_Message_SeqIOA packets,flow total IEC104_I_Message_SingleIOA packets,fw total IEC104_I_Message_SingleIOA packets,bw total IEC104_I_Message_SingleIOA packets,flow total IEC104_S_Message packets,fw total IEC104_S_Message packets,bw total IEC104_S_Message packets,flow total IEC104_U_Message packets,fw total IEC104_U_Message packets,bw total IEC104_U_Message packets,fw URG flag amount,fw PSH flag amount,bw URG flag amount,bw PSH flag amount,flow SYN flag count,flow RST flag count,flow PSH flag count,flow ACK flag count,flow URG flag count,flow CWE flag count,flow ECE flag count,fw_subflow_packets,bw_subflow_packets,fw_subflow_bytes,bw_subflow_bytes,flow start timestamp,fw avg bytes/bulk,bw avg bytes/bulk,fw avg bulk rate,bw avg bulk rate,fw avg packets/bulk,bw avg packets/bulk,init fw window bytes,init bw window bytes,fw TCP total header length,bw TCP total header length,cot=1,cot=2,cot=3,cot=4,cot=5,cot=6,cot=7,cot=8,cot=9,cot=10,cot=11,cot=12,cot=13,cot=20,type_id_process_information_in_monitor_direction,type_id_process_information_in_control_direction,type_id_system_information_in_monitor_direction,type_id_system_information_in_control_direction,type_id_parameter_in_control_direction,type_id_file_transfer,Label
192.168.1.20_192.168.1.26_50048_2404_IEC60870-5-104,IEC-60870-5-104,192.168.1.20,192.168.1.26,50048,2404,0,0,0,0,0,0,0,0,0,0,1.2980570793151855,0.7185859680175781,1.2980570793151855,0.0003118515014648437,0.0004270076751708984,0.0003118515014648437,0.3949519372144282,0.021506341298421223,0.4875417543836862,0.3390768599110205,0.1009034811680776,0.31269055006048985,119.27548503875731,1.2903804779052734,117.98510456085205,2.5403376054796394,0.5114211020932605,2.0289165033863776,30.433747550795665,2.129523933306364,28.30422361748931,22,4,11.980198019801982,4.080271217173122,16.64861320569143,14,4,4.163934426229509,1.28036879932896,1.639344262295082,22,4,13.950413223140496,1.0454504452710176,1.0929666335173691,303,61,242,3630,254,3376,119.27548501679995,3.9672131147540974,0,0,0,241,1,240,60,59,1,2,1,1,0,61,0,242,0,0,303,303,0,0,0,0,4,0,56,04/25/2020 00:32:31,0.0,57.017543859649116,0.0,46.81742829331039,0.0,4.087719298245614,16425,255,1220,4840,0,0,238,0,0,1,1,0,0,0,0,0,0,1,239,0,0,2,0,0,m_sp_na_1_DoS
192.168.1.26_192.168.1.20_2404_50048_IEC60870-5-104,IEC-60870-5-104,192.168.1.26,192.168.1.20,2404,50048,0,0,0,0,0,0,0,0,0,0,0.9861190319061279,0.9861190319061279,0.09457707405090332,2.408027648925781e-05,2.408027648925781e-05,0.0005559921264648439,0.3623152887929899,0.4523828451450054,0.022930293843366097,0.3466758782062998,0.33611601576644995,0.03899722517225555,119.20173001289369,117.61953973770142,1.5821902751922607,2.7684161976760797,2.1895655381619905,0.5788506595140894,32.96932017232422,30.65391753426785,2.3154026380563577,14,4,11.909090909090908,4.072769953986279,16.587455098093397,14,14,14.0,0.0,0.0,4,4,4.0,0.0,0.0,330,261,69,3930,3654,276,119.2017299555664,0.26436781609195403,0,0,0,261,261,0,69,0,69,0,0,0,0,261,0,69,0,0,330,330,0,0,0,0,0,0,0,04/25/2020 00:34:31,56.84,0.0,38.855032693324496,0.0,4.06,0.0,255,16169,5220,1380,0,0,261,0,0,0,0,0,0,0,0,0,0,0,261,0,0,0,0,0,m_sp_na_1_DoS
192.168.1.26_192.168.1.20_2404_50048_IEC60870-5-104,IEC-60870-5-104,192.168.1.26,192.168.1.20,2404,50048,0,0,0,0,0,0,0,0,0,0,1.2950198650360107,1.2950198650360107,0.3915209770202637,2.5033950805664066e-05,2.5033950805664066e-05,0.00045490264892578125,0.3449630173894789,0.4207748932497842,0.02813726752551634,0.3046172899593761,0.2897213865842069,0.07307560207077128,119.70216703414916,117.81697010993958,1.8851969242095947,2.9072155391380634,2.3474930071775737,0.5597225319604892,35.1706247694576,32.848193965203635,2.3224308042539703,22,4,12.097701149425287,3.98291674831092,15.863625823975621,22,4,13.992882562277579,0.7652865129305568,0.5856634468734113,14,4,4.149253731343284,1.2216944435630523,1.492537313432836,348,281,67,4210,3932,278,119.70216701000976,0.23843416370106765,0,0,0,281,280,1,67,1,66,0,0,0,0,281,0,67,0,0,348,348,0,0,0,0,0,0,0,04/25/2020 00:36:31,63.33333333333334,0.0,45.026736402109925,0.0,4.537037037037037,0.0,253,16193,5620,1340,0,0,278,0,0,1,1,0,0,0,0,0,0,1,279,0,0,2,0,0,m_sp_na_1_DoS
192.168.1.26_192.168.1.20_2404_50048_IEC60870-5-104,IEC-60870-5-104,192.168.1.26,192.168.1.20,2404,50048,0,0,0,0,0,0,0,0,0,0,1.2972259521484375,1.2972259521484375,0.3755199909210205,2.09808349609375e-05,2.09808349609375e-05,0.0003588199615478516,0.379744870753228,0.4737006378173828,0.02385181369203509,0.3461125669187501,0.3289988645843995,0.057750860593348816,119.99937915802002,118.4251594543457,1.5742197036743164,2.6416803359700705,2.091677489995229,0.5500028459748413,31.483496243832587,29.28348485993321,2.2000113838993656,14,4,11.917981072555206,4.0666393256230515,16.53755540470391,14,14,14.0,0.0,0.0,4,4,4.0,0.0,0.0,317,251,66,3778,3514,264,119.99937906324769,0.26294820717131473,0,0,0,251,251,0,66,0,66,0,0,0,0,251,0,66,0,0,317,317,0,0,0,2,0,28,0,04/25/2020 00:38:31,56.0,0.0,40.98470020874049,0.0,4.0,0.0,251,16233,5020,1320,0,0,251,0,0,0,0,0,0,0,0,0,0,0,251,0,0,0,0,0,m_sp_na_1_DoS
192.168.1.26_192.168.1.20_2404_50048_IEC60870-5-104,IEC-60870-5-104,192.168.1.26,192.168.1.20,2404,50048,0,0,0,0,0,0,0,0,0,0,1.2946529388427734,1.2946529388427734,0.39014410972595215,1.5974044799804688e-05,1.5974044799804688e-05,0.0003750324249267578,0.3707780808395481,0.4617335899608342,0.0310325026512146,0.34205359674791586,0.3288288542905964,0.06112942267039315,119.39054203033449,117.28033185005188,2.1102101802825928,2.7054069344328453,2.1358475798154046,0.5695593546174412,32.18010353588543,29.901866117415672,2.2782374184697654,14,4,11.894736842105265,4.0831501405513375,16.672115070284406,14,14,14.0,0.0,0.0,4,4,4.0,0.0,0.0,323,255,68,3842,3570,272,119.3905419140625,0.26666666666666666,0,0,0,255,255,0,68,0,68,0,0,0,0,255,0,68,0,0,323,323,0,0,0,0,0,0,0,04/25/2020 00:40:32,56.28,0.0,39.19171530034957,0.0,4.02,0.0,256,16281,5100,1360,0,0,255,0,0,0,0,0,0,0,0,0,0,0,255,0,0,0,0,0,m_sp_na_1_DoS
192.168.1.26_192.168.1.20_2404_50048_IEC60870-5-104,IEC-60870-5-104,192.168.1.26,192.168.1.20,2404,50048,0,0,0,0,0,0,0,0,0,0,1.0686509609222412,1.0686509609222412,0.1405329704284668,1.7881393432617188e-05,1.7881393432617188e-05,0.0003740787506103516,0.3568950513165868,0.4453239941414986,0.035111953814824425,0.3482155951909733,0.3431029135780704,0.04578699088417528,119.20294713973999,116.67488646507263,2.5280606746673584,2.8103332022263596,2.2063212901060685,0.6040119121202925,33.30454570996613,30.80460751813493,2.49993819183121,14,4,11.850746268656714,4.113850314665758,16.923764411475553,14,4,13.961977186311787,0.6166264159782073,0.3802281368821293,14,4,4.138888888888889,1.1785113019775793,1.3888888888888888,335,263,72,3970,3672,298,119.20294708634948,0.2737642585551331,0,0,0,263,262,1,72,1,71,0,0,0,0,263,0,72,0,0,335,335,0,0,0,2,0,28,0,04/25/2020 00:42:32,56.0,0.0,35.870621771516674,0.0,4.0,0.0,254,16313,5260,1440,0,0,261,0,0,1,1,0,0,0,0,0,0,0,261,0,0,2,0,0,m_sp_na_1_DoS
192.168.1.26_192.168.1.20_2404_50048_IEC60870-5-104,IEC-60870-5-104,192.168.1.26,192.168.1.20,2404,50048,0,0,0,0,0,0,0,0,0,0,0.9966220855712892,0.9966220855712892,0.187351942062378,1.71661376953125e-05,1.71661376953125e-05,0.0003559589385986328,0.3603593093138915,0.4486279578957978,0.040385458204481334,0.3426425095542041,0.33614205185914703,0.05242944710390233,119.99965000152588,117.09189701080322,2.9077529907226562,2.7833414508905334,2.1833397009979643,0.6000017498925699,32.96676281354176,30.566755813971486,2.4000069995702797,14,4,11.844311377245507,4.118333795128607,16.9606732480984,14,14,14.0,0.0,0.0,4,4,4.0,0.0,0.0,334,262,72,3956,3668,288,119.99965002250677,0.2748091603053435,0,0,0,262,262,0,72,0,72,0,0,0,0,262,0,72,0,0,334,334,0,0,0,0,0,0,0,04/25/2020 00:44:32,56.29787234042554,0.0,35.134136649829415,0.0,4.0212765957446805,0.0,252,16329,5240,1440,0,0,262,0,0,0,0,0,0,0,0,0,0,0,262,0,0,0,0,0,m_sp_na_1_DoS
192.168.1.26_192.168.1.20_2404_50048_IEC60870-5-104,IEC-60870-5-104,192.168.1.26,192.168.1.20,2404,50048,0,0,0,0,0,0,0,0,0,0,0.9983730316162108,0.9983730316162108,0.1947019100189209,1.5974044799804688e-05,1.5974044799804688e-05,0.0003490447998046875,0.3678581809705021,0.4594046309238344,0.044902649190690785,0.3443001043026557,0.3365253075881999,0.057645481770039884,119.92176699638368,116.68877625465393,3.2329907417297363,2.7267776993450514,2.126386279305774,0.6003914200392775,32.17097359043796,29.76940791028085,2.4015656801571104,14,4,11.79816513761468,4.1500531813735515,17.222941408228742,14,14,14.0,0.0,0.0,4,4,4.0,0.0,0.0,327,255,72,3858,3570,288,119.92176702873228,0.2823529411764706,0,0,0,255,255,0,72,0,72,0,0,0,0,255,0,72,0,0,327,327,0,0,0,0,0,0,0,04/25/2020 00:46:32,56.0,0.0,34.33193172200294,0.0,4.0,0.0,251,16377,5100,1440,0,0,255,0,0,0,0,0,0,0,0,0,0,0,255,0,0,0,0,0,m_sp_na_1_DoS
192.168.1.26_192.168.1.20_2404_50048_IEC60870-5-104,IEC-60870-5-104,192.168.1.26,192.168.1.20,2404,50048,0,0,0,0,0,0,0,0,0,0,0.9980239868164062,0.9980239868164062,0.6076200008392334,1.6927719116210938e-05,1.6927719116210938e-05,0.0003740787506103516,0.3738307574084986,0.4646559761416528,0.06527384993148176,0.3365262566411534,0.3278661871482381,0.09806885954164064,119.99967312812805,115.23468208312988,4.764991044998169,2.6833406438534,2.0750056531661376,0.6083349906872613,31.483419107074962,28.96674558395781,2.516673523117164,14,4,11.732919254658384,4.193538664336532,17.585766529285426,14,4,13.959839357429715,0.6337242505244779,0.4016064257028112,14,4,4.136986301369864,1.1704114719613057,1.3698630136986298,322,249,73,3778,3476,302,119.9996730708008,0.2931726907630522,0,0,0,249,248,1,73,1,72,0,0,0,0,249,0,73,0,0,322,322,0,0,0,0,0,0,0,04/25/2020 00:48:33,57.352941176470594,0.0,33.33761878450015,0.0,4.117647058823529,0.0,255,16409,4980,1460,0,0,247,0,0,1,1,0,0,0,0,0,0,0,247,0,0,2,0,0,m_sp_na_1_DoS
192.168.1.20_192.168.1.26_50048_2404_IEC60870-5-104,IEC-60870-5-104,192.168.1.20,192.168.1.26,50048,2404,0,0,0,0,0,0,0,0,0,0,0.993074893951416,0.7931189537048341,0.993074893951416,1.811981201171875e-05,0.0001201629638671875,1.811981201171875e-05,0.3868646583249492,0.16746390755496807,0.4473578694425983,0.2982134677041643,0.17613734475868092,0.29679942700337864,119.92804408073424,11.22008180618286,108.7079622745514,2.593221648425609,0.5670066626782684,2.026214985747341,30.635036451175854,2.268026650713073,28.36700980046277,14,4,11.813504823151126,4.139963876943375,17.139300902396016,4,4,4.0,0.0,0.0,14,14,14.0,0.0,0.0,311,68,243,3674,272,3402,119.92804401768494,3.5735294117647056,0,0,0,243,0,243,68,68,0,0,0,0,0,68,0,243,0,0,311,311,0,0,0,0,0,0,0,04/25/2020 00:50:33,0.0,63.94594594594594,0.0,35.412252046509366,0.0,4.567567567567568,16385,251,1360,4860,0,0,243,0,0,0,0,0,0,0,0,0,0,0,243,0,0,0,0,0,m_sp_na_1_DoS
192.168.1.20_192.168.1.26_50048_2404_IEC60870-5-104,IEC-60870-5-104,192.168.1.20,192.168.1.26,50048,2404,0,0,0,0,0,0,0,0,0,0,0.9724459648132324,0.7373118400573729,0.9724459648132324,1.7881393432617188e-05,0.00012302398681640625,1.7881393432617188e-05,0.3879046339818961,0.1780611977857702,0.4471135703359897,0.2884118574352955,0.16494256828120615,0.28837087076819873,119.86253190040588,12.108161449432373,107.75437045097351,2.586296108087616,0.5756594563162757,2.0106366517713403,30.451550950063854,2.3026378252651027,28.14891312479876,14,4,11.774193548387096,4.1665152911222645,17.359849671155654,4,4,4.0,0.0,0.0,14,14,14.0,0.0,0.0,310,69,241,3650,276,3374,119.86253199337764,3.4927536231884058,0,0,0,241,0,241,69,69,0,0,0,0,0,69,0,241,0,0,310,310,0,0,0,0,0,0,0,04/25/2020 00:52:33,0.0,64.3125,0.0,37.112586658025094,0.0,4.59375,16061,255,1380,4820,0,0,241,0,0,0,0,0,0,0,0,0,0,0,241,0,0,0,0,0,m_sp_na_1_DoS
192.168.1.26_192.168.1.20_2404_50048_IEC60870-5-104,IEC-60870-5-104,192.168.1.26,192.168.1.20,2404,50048,0,0,0,0,0,0,0,0,0,0,1.0704112052917478,1.0704112052917478,0.7033839225769043,2.193450927734375e-05,2.193450927734375e-05,0.00042510032653808594,0.3869474349483367,0.420987667384484,0.2680532897728077,0.2555285534731899,0.26339124578169143,0.1827683891623213,119.95370483398438,101.45802783966064,18.49567699432373,2.59266689770972,2.0174449814975945,0.5752219162121242,30.611809801897394,28.227556641945696,2.384253159951703,22,4,11.80707395498392,4.2000093845129545,17.640078829996884,22,4,13.991735537190086,0.8248814099963667,0.6804293405575941,14,4,4.144927536231884,1.2038585308576921,1.4492753623188408,311,242,69,3672,3386,286,119.95370491856384,0.28512396694214875,0,0,0,242,241,1,69,1,68,0,0,0,0,242,0,69,0,0,311,311,0,0,0,0,0,0,0,04/25/2020 00:54:33,59.89743589743589,0.0,39.99657084194853,0.0,4.282051282051282,0.0,255,16137,4840,1380,0,0,239,0,0,1,1,0,0,0,0,0,0,1,240,0,0,2,0,0,m_sp_na_1_DoS
192.168.1.26_192.168.1.20_2404_50048_IEC60870-5-104,IEC-60870-5-104,192.168.1.26,192.168.1.20,2404,50048,0,0,0,0,0,0,0,0,0,0,0.9827630519866944,0.9827630519866944,0.7684760093688965,1.5020370483398438e-05,1.5020370483398438e-05,0.00011515617370605469,0.3921556277991899,0.43472926517327626,0.2373424009843306,0.2856939536201681,0.2854074283561156,0.2290200747316481,119.99962210655212,104.3350236415863,15.66459846496582,2.5583413897443577,2.0083396577471997,0.5500017319971585,30.316762136449434,28.116755208460802,2.2000069279886336,14,4,11.850162866449509,4.114817593721134,16.93172382959699,14,14,14.0,0.0,0.0,4,4,4.0,0.0,0.0,307,241,66,3638,3374,264,119.99962211090087,0.2738589211618257,0,0,0,241,241,0,66,0,66,0,0,0,0,241,0,66,0,0,307,307,0,0,0,0,0,0,0,04/25/2020 00:56:34,61.534883720930225,0.0,41.665509291408576,0.0,4.395348837209301,0.0,254,16173,4820,1320,0,0,241,0,0,0,0,0,0,0,0,0,0,0,241,0,0,0,0,0,m_sp_na_1_DoS
192.168.1.26_192.168.1.20_2404_50048_IEC60870-5-104,IEC-60870-5-104,192.168.1.26,192.168.1.20,2404,50048,0,0,0,0,0,0,0,0,0,0,0.9822611808776855,0.9822611808776855,0.7608919143676758,2.193450927734375e-05,2.193450927734375e-05,0.00010395050048828124,0.3920092613868464,0.4308990057078633,0.2478180555196909,0.2876513603955542,0.2899878667758425,0.22839398124291005,119.954833984375,103.84666037559508,16.108173608779907,2.5592966092663736,2.0174259916692585,0.5418706175971149,30.411446353758077,28.24396388336961,2.1674824703884594,14,4,11.882736156351793,4.091989025929685,16.744374188328973,14,14,14.0,0.0,0.0,4,4,4.0,0.0,0.0,307,242,65,3648,3388,260,119.95483403074644,0.26859504132231404,0,0,0,242,242,0,65,0,65,0,0,0,0,242,0,65,0,0,307,307,0,0,0,0,0,0,0,04/25/2020 00:58:34,63.0,0.0,40.80241841762878,0.0,4.5,0.0,252,16217,4840,1300,0,0,242,0,0,0,0,0,0,0,0,0,0,0,242,0,0,0,0,0,m_sp_na_1_DoS
192.168.1.26_192.168.1.20_2404_50048_IEC60870-5-104,IEC-60870-5-104,192.168.1.26,192.168.1.20,2404,50048,0,0,0,0,0,0,0,0,0,0,0.9966142177581788,0.9966142177581788,0.7473380565643309,1.5974044799804688e-05,1.5974044799804688e-05,0.0001220703125,0.3923732952993424,0.4262958258390427,0.2671208748450646,0.2815715836437186,0.28507005640786764,0.2299344054365149,119.67385506629944,102.31099820137024,17.3628568649292,2.5569494671990887,2.013806606519545,0.5431428606795449,30.43271228607543,28.176580403252697,2.256131882822725,22,4,11.901960784313724,4.135832551834969,17.105110896817745,22,4,13.991701244813278,0.8265979536873478,0.6832641770401107,14,4,4.153846153846153,1.2403473458920846,1.5384615384615388,306,241,65,3642,3372,270,119.67385508607481,0.2697095435684647,0,0,0,241,240,1,65,1,64,0,0,0,0,241,0,65,0,0,306,306,0,0,0,0,0,0,0,04/25/2020 01:00:35,65.55,0.0,38.943037253025295,0.0,4.7,0.0,251,16233,4820,1300,0,0,238,0,0,1,1,0,0,0,0,0,0,1,239,0,0,2,0,0,m_sp_na_1_DoS
192.168.1.26_192.168.1.20_2404_50048_IEC60870-5-104,IEC-60870-5-104,192.168.1.26,192.168.1.20,2404,50048,0,0,0,0,0,0,0,0,0,0,0.9876320362091064,0.9876320362091064,0.6807498931884766,1.6927719116210938e-05,1.6927719116210938e-05,0.0001049041748046875,0.3921551307042439,0.43062536247441024,0.2407561540603637,0.2765472237138783,0.2789950131004296,0.20759998052639814,119.99946999549866,105.07258844375609,14.926881551742554,2.558344634242484,2.04167568530752,0.5166689489349641,30.65013539004513,28.58345959430527,2.0666757957398563,14,4,11.980456026058633,4.02113807588692,16.169551425347553,14,14,14.0,0.0,0.0,4,4,4.0,0.0,0.0,307,245,62,3678,3430,248,119.99946992712404,0.2530612244897959,0,0,0,245,245,0,62,0,62,0,0,0,0,245,0,62,0,0,307,307,0,0,0,0,0,0,0,04/25/2020 01:02:35,62.53333333333333,0.0,37.242880690499405,0.0,4.466666666666667,0.0,255,16289,4900,1240,0,0,245,0,0,0,0,0,0,0,0,0,0,0,245,0,0,0,0,0,m_sp_na_1_DoS
192.168.1.26_192.168.1.20_2404_50048_IEC60870-5-104,IEC-60870-5-104,192.168.1.26,192.168.1.20,2404,50048,0,0,0,0,0,0,0,0,0,0,0.9969429969787598,0.9969429969787598,0.7212479114532471,1.6927719116210938e-05,1.6927719116210938e-05,9.79900360107422e-05,0.3857502385351052,0.4257611427307129,0.2217711229793361,0.28969145878039765,0.28923483905978603,0.2289307128206897,119.96832418441772,106.44028568267822,13.528038501739502,2.600686492414444,2.092218941012902,0.5084675514015421,31.324935379786805,29.29106517418064,2.0338702056061693,14,4,12.044871794871796,3.972320547253757,15.779330530134388,14,14,14.0,0.0,0.0,4,4,4.0,0.0,0.0,312,251,61,3758,3514,244,119.96832409828184,0.24302788844621515,0,0,0,251,251,0,61,0,61,0,0,0,0,251,0,61,0,0,312,312,0,0,0,0,0,0,0,04/25/2020 01:04:35,67.26086956521739,0.0,35.27716518447083,0.0,4.804347826086956,0.0,253,16333,5020,1220,0,0,251,0,0,0,0,0,0,0,0,0,0,0,251,0,0,0,0,0,m_sp_na_1_DoS
192.168.1.26_192.168.1.20_2404_50048_IEC60870-5-104,IEC-60870-5-104,192.168.1.26,192.168.1.20,2404,50048,0,0,0,0,0,0,0,0,0,0,0.9552559852600098,0.9552559852600098,0.7666308879852295,2.288818359375e-05,2.288818359375e-05,9.202957153320312e-05,0.3934588487392212,0.4470604188214694,0.18510435858080465,0.2995526914672863,0.2963067866053428,0.2081776733684508,119.21803116798401,107.74156093597412,11.476470232009888,2.5499498456524634,2.029894285025975,0.5200555606264897,30.49874223286961,28.41851999036365,2.080222242505958,14,4,11.960526315789476,4.035946695470361,16.288865728678132,14,14,14.0,0.0,0.0,4,4,4.0,0.0,0.0,304,242,62,3636,3388,248,119.2180310990448,0.25619834710743805,0,0,0,242,242,0,62,0,62,0,0,0,0,242,0,62,0,0,304,304,0,0,0,0,0,0,0,04/25/2020 01:06:36,66.65217391304348,0.0,40.5104624809696,0.0,4.760869565217392,0.0,252,16365,4840,1240,0,0,242,0,0,0,0,0,0,0,0,0,0,0,242,0,0,0,0,0,m_sp_na_1_DoS
192.168.1.26_192.168.1.20_2404_50048_IEC60870-5-104,IEC-60870-5-104,192.168.1.26,192.168.1.20,2404,50048,0,0,0,0,0,0,0,0,0,0,0.9929490089416504,0.9929490089416504,0.7715868949890137,2.002716064453125e-05,2.002716064453125e-05,9.79900360107422e-05,0.39877557196346014,0.4210324010413712,0.30629460976041595,0.28124010166974817,0.2872991824964206,0.23490826973397685,119.23389601707458,101.46880865097046,17.765087366104126,2.516063047250444,2.0296241914486908,0.4864388558017524,30.36049410348868,28.33086991204,2.0296241914486908,14,4,12.066666666666665,3.955719227174288,15.647714604236345,14,4,13.958677685950413,0.6428243465332251,0.4132231404958678,14,4,4.172413793103448,1.3130643285972257,1.7241379310344829,300,242,58,3620,3378,242,119.23389611712645,0.2396694214876033,0,0,0,242,241,1,58,1,57,0,0,0,0,242,0,58,0,0,300,300,0,0,0,0,0,0,0,04/25/2020 01:08:36,70.34146341463415,0.0,37.545499671301116,0.0,5.024390243902438,0.0,256,16405,4840,1160,0,0,240,0,0,1,1,0,0,0,0,0,0,0,240,0,0,2,0,0,m_sp_na_1_DoS
192.168.1.26_192.168.1.20_2404_50048_IEC60870-5-104,IEC-60870-5-104,192.168.1.26,192.168.1.20,2404,50048,0,0,0,0,0,0,0,0,0,0,0.9987769126892092,0.9987769126892092,0.7521021366119385,2.002716064453125e-05,2.002716064453125e-05,0.0002009868621826172,0.4026842725356953,0.4236805983104152,0.3139103337338096,0.2720275975826991,0.27540769482365063,0.2397320451852769,119.9999132156372,102.10702419281006,17.89288902282715,2.491668470782701,2.0166681268542264,0.4750003439284748,30.133355151673086,28.233353775959174,1.9000013757138992,14,4,12.093645484949837,3.9346072207121114,15.48113398127988,14,14,14.0,0.0,0.0,4,4,4.0,0.0,0.0,299,242,57,3616,3388,228,119.99991311286928,0.23553719008264465,0,0,0,242,242,0,57,0,57,0,0,0,0,242,0,57,0,0,299,299,0,0,0,0,0,0,0,04/25/2020 01:10:36,68.0909090909091,0.0,38.72162944338938,0.0,4.863636363636363,0.0,255,16073,4840,1140,0,0,242,0,0,0,0,0,0,0,0,0,0,0,242,0,0,0,0,0,m_sp_na_1_DoS
192.168.1.20_192.168.1.26_50048_2404_IEC60870-5-104,IEC-60870-5-104,192.168.1.20,192.168.1.26,50048,2404,0,0,0,0,0,0,0,0,0,0,0.9975759983062744,0.7180209159851074,0.9975759983062744,1.71661376953125e-05,6.914138793945312e-05,1.71661376953125e-05,0.4022748486307644,0.2177476712635585,0.4449753524843326,0.28397872486567843,0.2185779247661037,0.2806001560900737,119.87790489196777,12.193869590759276,107.6840353012085,2.4942044156532184,0.4754837849238577,2.01872063072936,30.164023969906484,1.9019351396954305,28.262088830211052,14,4,12.093645484949837,3.9346072207121114,15.48113398127988,4,4,4.0,0.0,0.0,14,14,14.0,0.0,0.0,299,57,242,3616,228,3388,119.87790500390624,4.245614035087719,0,0,0,242,0,242,57,57,0,0,0,0,0,57,0,242,0,0,299,299,0,0,0,0,0,0,0,04/25/2020 01:12:36,0.0,70.97674418604652,0.0,36.213256211279436,0.0,5.069767441860465,16421,252,1140,4840,0,0,242,0,0,0,0,0,0,0,0,0,0,0,242,0,0,0,0,0,m_sp_na_1_DoS
192.168.1.20_192.168.1.26_50048_2404_IEC60870-5-104,IEC-60870-5-104,192.168.1.20,192.168.1.26,50048,2404,0,0,0,0,0,0,0,0,0,0,0.978538990020752,0.6462759971618652,0.978538990020752,2.002716064453125e-05,9.989738464355467e-05,2.002716064453125e-05,0.41162203103815975,0.23456563669092514,0.4492465148369471,0.258893894570661,0.17869024038584436,0.2579489608759655,119.78201103210449,11.962847471237184,107.81916356086731,2.4377617097871176,0.4341219483182538,2.0036397614688632,29.787444453837107,1.7364877932730158,28.05095666056409,14,4,12.219178082191785,3.832387124848815,14.687191074706964,4,4,4.0,0.0,0.0,14,14,14.0,0.0,0.0,292,52,240,3568,208,3360,119.78201102580259,4.615384615384615,0,0,0,240,0,240,52,52,0,0,0,0,0,52,0,240,0,0,292,292,0,0,0,0,0,0,0,04/25/2020 01:14:36,0.0,78.75,0.0,35.403637261795495,0.0,5.625,16097,251,1040,4800,0,0,240,0,0,0,0,0,0,0,0,0,0,0,240,0,0,0,0,0,m_sp_na_1_DoS
192.168.1.26_192.168.1.20_2404_50048_IEC60870-5-104,IEC-60870-5-104,192.168.1.26,192.168.1.20,2404,50048,0,0,0,0,0,0,0,0,0,0,0.9537169933319092,0.9537169933319092,0.7283599376678467,2.408027648925781e-05,2.408027648925781e-05,0.00011301040649414062,0.4114608453311461,0.4542427062988281,0.21482883049891546,0.2688659472715008,0.261808575210175,0.20780826605427802,119.73510599136351,108.56400680541992,11.171099185943604,2.438716678394662,2.004424667173696,0.4342920112209673,29.79911338531561,28.061945340431738,1.7371680448838696,14,4,12.219178082191785,3.832387124848815,14.687191074706964,14,14,14.0,0.0,0.0,4,4,4.0,0.0,0.0,292,240,52,3568,3360,208,119.73510600346377,0.21666666666666667,0,0,0,240,240,0,52,0,52,0,0,0,0,240,0,52,0,0,292,292,0,0,0,0,0,0,0,04/25/2020 01:16:36,79.1,0.0,35.534337378272994,0.0,5.65,0.0,251,16209,4800,1040,0,0,240,0,0,0,0,0,0,0,0,0,0,0,240,0,0,0,0,0,m_sp_na_1_DoS
192.168.1.26_192.168.1.20_2404_50048_IEC60870-5-104,IEC-60870-5-104,192.168.1.26,192.168.1.20,2404,50048,0,0,0,0,0,0,0,0,0,0,0.9959039688110352,0.9959039688110352,0.797929048538208,2.09808349609375e-05,2.09808349609375e-05,0.0001010894775390625,0.40519190156782,0.4398028830851405,0.25008342884205004,0.2928409335214228,0.29192879252176923,0.2445750387003137,119.9368028640747,106.432297706604,13.504505157470705,2.4763041260363874,2.0260670122115894,0.4502371138247978,30.16588662626145,28.36493817096226,1.8009484552991908,14,4,12.181818181818182,3.8634556974669616,14.926289926289927,14,14,14.0,0.0,0.0,4,4,4.0,0.0,0.0,297,243,54,3618,3402,216,119.93680294648743,0.2222222222222222,0,0,0,243,243,0,54,0,54,0,0,0,0,243,0,54,0,0,297,297,0,0,0,0,0,0,0,04/25/2020 01:18:36,76.14634146341461,0.0,36.19365833082196,0.0,5.439024390243904,0.0,255,16253,4860,1080,0,0,243,0,0,0,0,0,0,0,0,0,0,0,243,0,0,0,0,0,m_sp_na_1_DoS
192.168.1.26_192.168.1.20_2404_50048_IEC60870-5-104,IEC-60870-5-104,192.168.1.26,192.168.1.20,2404,50048,0,0,0,0,0,0,0,0,0,0,0.9793171882629396,0.9793171882629396,0.7600460052490234,1.883506774902344e-05,1.883506774902344e-05,0.00011992454528808594,0.4110436242202233,0.45748898873269295,0.19338789640688428,0.30865413289194704,0.30657366102873784,0.2112642246963584,119.20265102386476,109.33986830711365,9.8627827167511,2.441220874275891,2.0133780406399118,0.4278428336359811,29.898663903502694,28.187292568958746,1.7113713345439243,14,4,12.247422680412367,3.808423317083398,14.504088162104516,14,14,14.0,0.0,0.0,4,4,4.0,0.0,0.0,291,240,51,3564,3360,204,119.20265104496764,0.2125,0,0,0,240,240,0,51,0,51,0,0,0,0,240,0,51,0,0,291,291,0,0,0,0,0,0,0,04/25/2020 01:20:37,79.69230769230771,0.0,35.8694918315542,0.0,5.6923076923076925,0.0,254,16281,4800,1020,0,0,240,0,0,0,0,0,0,0,0,0,0,0,240,0,0,0,0,0,m_sp_na_1_DoS
192.168.1.26_192.168.1.20_2404_50048_IEC60870-5-104,IEC-60870-5-104,192.168.1.26,192.168.1.20,2404,50048,0,0,0,0,0,0,0,0,0,0,0.9309558868408204,0.9309558868408204,0.7895681858062744,2.5033950805664066e-05,2.5033950805664066e-05,0.00011897087097167969,0.40403921917231395,0.4341041214209943,0.27175364927812057,0.2929176254202857,0.29111946824372936,0.2649570890752441,119.99964809417723,105.05319738388063,14.94645071029663,2.483340618289541,2.025005940417312,0.4583346778722311,30.25008873956725,28.33341645028337,1.9166722892838752,22,4,12.181208053691275,3.9261768336332596,15.414864528958487,22,4,13.991769547325099,0.8231755160007995,0.6776179301431826,14,4,4.181818181818182,1.3483997249264843,1.8181818181818181,298,243,55,3630,3400,230,119.99964797630312,0.2263374485596708,0,0,0,243,242,1,55,1,54,0,0,0,0,243,0,55,0,0,298,298,0,0,0,0,0,0,0,04/25/2020 01:22:37,78.2051282051282,0.0,38.29549152828392,0.0,5.589743589743589,0.0,253,16305,4860,1100,0,0,240,0,0,1,1,0,0,0,0,0,0,1,241,0,0,2,0,0,m_sp_na_1_DoS
192.168.1.26_192.168.1.20_2404_50048_IEC60870-5-104,IEC-60870-5-104,192.168.1.26,192.168.1.20,2404,50048,0,0,0,0,0,0,0,0,0,0,0.9245049953460692,0.9245049953460692,0.7875878810882568,2.193450927734375e-05,2.193450927734375e-05,8.916854858398438e-05,0.4166640275054508,0.4531488100687663,0.2342401146888733,0.30256263274971096,0.2994603355675615,0.2494098443108937,119.99923992156981,108.7557144165039,11.243525505065918,2.4083485868155985,2.008346053365256,0.4000025334503414,29.71685488091495,28.116844747113586,1.6000101338013657,14,4,12.33910034602076,3.7280692827120685,13.898500576701267,14,14,14.0,0.0,0.0,4,4,4.0,0.0,0.0,289,241,48,3566,3374,192,119.9992399697113,0.1991701244813278,0,0,0,241,241,0,48,0,48,0,0,0,0,241,0,48,0,0,289,289,0,0,0,0,0,0,0,04/25/2020 01:24:37,86.72222222222223,0.0,36.46941614836077,0.0,6.1944444444444455,0.0,251,16341,4820,960,0,0,241,0,0,0,0,0,0,0,0,0,0,0,241,0,0,0,0,0,m_sp_na_1_DoS
192.168.1.26_192.168.1.20_2404_50048_IEC60870-5-104,IEC-60870-5-104,192.168.1.26,192.168.1.20,2404,50048,0,0,0,0,0,0,0,0,0,0,0.9912071228027344,0.9912071228027344,0.7975928783416748,1.0967254638671877e-05,1.0967254638671877e-05,0.00011396408081054688,0.4029479596751305,0.44742028575298215,0.2072697249325839,0.3103778060046762,0.3079271902370791,0.2387850380357133,119.6755440235138,108.27570915222168,11.399834871292114,2.490065972579948,2.030490038043381,0.4595759345365678,30.26516427075361,28.426860532607325,1.8383037381462708,14,4,12.154362416107382,3.8859582011312974,15.100671140939596,14,14,14.0,0.0,0.0,4,4,4.0,0.0,0.0,298,243,55,3622,3402,220,119.67554405445856,0.2263374485596708,0,0,0,243,243,0,55,0,55,0,0,0,0,243,0,55,0,0,298,298,0,0,0,0,0,0,0,04/25/2020 01:26:38,77.85365853658539,0.0,37.059015134846064,0.0,5.560975609756096,0.0,256,16377,4860,1100,0,0,243,0,0,0,0,0,0,0,0,0,0,0,243,0,0,0,0,0,m_sp_na_1_DoS
192.168.1.26_192.168.1.20_2404_50048_IEC60870-5-104,IEC-60870-5-104,192.168.1.26,192.168.1.20,2404,50048,0,0,0,0,0,0,0,0,0,0,0.9409618377685548,0.9409618377685548,0.7477390766143799,2.193450927734375e-05,2.193450927734375e-05,8.416175842285156e-05,0.4027186668280399,0.4292909512917201,0.29083536382307085,0.2757652740044033,0.2747679377994399,0.2529432870747629,119.60744404792786,103.02982831001282,16.57761573791504,2.4914837215640637,2.0149247546877165,0.4765589668763478,30.115182433133413,28.208946565628022,1.9062358675053919,14,4,12.087248322147653,3.939667705322897,15.52098162836418,14,14,14.0,0.0,0.0,4,4,4.0,0.0,0.0,298,241,57,3602,3374,228,119.60744411885072,0.2365145228215768,0,0,0,241,241,0,57,0,57,0,0,0,0,241,0,57,0,0,298,298,0,0,0,0,0,0,0,04/25/2020 01:28:38,71.95348837209302,0.0,38.44642542806318,0.0,5.1395348837209305,0.0,254,16425,4820,1140,0,0,241,0,0,0,0,0,0,0,0,0,0,0,241,0,0,0,0,0,m_sp_na_1_DoS
192.168.1.26_192.168.1.20_2404_50048_IEC60870-5-104,IEC-60870-5-104,192.168.1.26,192.168.1.20,2404,50048,0,0,0,0,0,0,0,0,0,0,0.9978649616241456,0.9978649616241456,0.6379110813140869,2.002716064453125e-05,2.002716064453125e-05,0.00010991096496582033,0.4109573021326979,0.4620095570882162,0.1753315100303063,0.2761151798000007,0.2693163906357827,0.16198534048563434,119.9995322227478,110.88229370117188,9.117238521575928,2.441676186904727,2.0083411639728297,0.4333350229318969,29.85011638734721,28.116776295619623,1.7333400917275876,14,4,12.225255972696244,3.827233480696002,14.647716115760439,14,14,14.0,0.0,0.0,4,4,4.0,0.0,0.0,293,241,52,3582,3374,208,119.99953211299129,0.2157676348547718,0,0,0,241,241,0,52,0,52,0,0,0,0,241,0,52,0,0,293,293,0,0,0,0,0,0,0,04/25/2020 01:30:38,83.28205128205127,0.0,34.897384391616214,0.0,5.948717948717951,0.0,253,16113,4820,1040,0,0,241,0,0,0,0,0,0,0,0,0,0,0,241,0,0,0,0,0,m_sp_na_1_DoS
192.168.1.26_192.168.1.20_2404_50048_IEC60870-5-104,IEC-60870-5-104,192.168.1.26,192.168.1.20,2404,50048,0,0,0,0,0,0,0,0,0,0,0.9890880584716796,0.9890880584716796,0.7422051429748535,2.09808349609375e-05,2.09808349609375e-05,5.91278076171875e-05,0.40955473375808665,0.4515291094779969,0.219482088988682,0.2742725694241158,0.2671681726503297,0.222255971768704,119.99953699111937,108.36698627471924,11.632550716400145,2.4500094514337776,2.008341080937213,0.4416683704965655,29.883448615107245,28.11677513312098,1.7666734819862615,14,4,12.197278911564624,3.8506937556443694,14.827842399758534,14,14,14.0,0.0,0.0,4,4,4.0,0.0,0.0,294,241,53,3586,3374,212,119.99953707441715,0.2199170124481328,0,0,0,241,241,0,53,0,53,0,0,0,0,241,0,53,0,0,294,294,0,0,0,0,0,0,0,04/25/2020 01:32:38,79.45,0.0,36.173516687760674,0.0,5.675,0.0,252,16185,4820,1060,0,0,241,0,0,0,0,0,0,0,0,0,0,0,241,0,0,0,0,0,m_sp_na_1_DoS
192.168.1.26_192.168.1.20_2404_50048_IEC60870-5-104,IEC-60870-5-104,192.168.1.26,192.168.1.20,2404,50048,0,0,0,0,0,0,0,0,0,0,0.9889359474182128,0.9889359474182128,0.7513689994812012,1.9073486328125e-05,1.9073486328125e-05,7.700920104980469e-05,0.4063065597221713,0.4612735046003653,0.16302693331683124,0.28500889888649544,0.2754808296963477,0.18115668928880832,119.0478219985962,110.2443675994873,8.803454399108887,2.4695957914806734,2.0159965644740185,0.4535992270066542,30.03834881066287,28.22395190263625,1.814396908026617,14,4,12.16326530612245,3.878778908388233,15.044925820157411,14,14,14.0,0.0,0.0,4,4,4.0,0.0,0.0,294,240,54,3576,3360,216,119.047821920578,0.225,0,0,0,240,240,0,54,0,54,0,0,0,0,240,0,54,0,0,294,294,0,0,0,0,0,0,0,04/25/2020 01:34:39,82.52631578947368,0.0,35.306493463097304,0.0,5.894736842105262,0.0,250,16193,4800,1080,0,0,240,0,0,0,0,0,0,0,0,0,0,0,240,0,0,0,0,0,m_sp_na_1_DoS
192.168.1.26_192.168.1.20_2404_50048_IEC60870-5-104,IEC-60870-5-104,192.168.1.26,192.168.1.20,2404,50048,0,0,0,0,0,0,0,0,0,0,0.9622290134429932,0.9622290134429932,0.7513129711151123,1.5020370483398438e-05,1.5020370483398438e-05,0.0001049041748046875,0.4026820363614383,0.4409693190099771,0.233521860296076,0.2826873977664921,0.27727802425701353,0.24336188664013544,119.99924683570862,107.15554451942444,12.84370231628418,2.4916823033611686,2.0333460937127934,0.4583362096483757,30.366857235612365,28.450178540719172,1.9166786948932064,22,4,12.187290969899664,3.920994816962875,15.374200354649727,22,4,13.991803278688526,0.8214801620335822,0.6748296566147204,14,4,4.181818181818182,1.3483997249264843,1.8181818181818181,299,244,55,3644,3414,230,119.99924693315123,0.2254098360655737,0,0,0,244,243,1,55,1,54,0,0,0,0,244,0,55,0,0,299,299,0,0,0,0,0,0,0,04/25/2020 01:36:39,77.11627906976744,0.0,36.95171774450459,0.0,5.511627906976744,0.0,255,16233,4880,1100,0,0,241,0,0,1,1,0,0,0,0,0,0,1,242,0,0,2,0,0,m_sp_na_1_DoS
192.168.1.26_192.168.1.20_2404_50048_IEC60870-5-104,IEC-60870-5-104,192.168.1.26,192.168.1.20,2404,50048,0,0,0,0,0,0,0,0,0,0,0.9913480281829834,0.9913480281829834,0.6725139617919922,2.002716064453125e-05,2.002716064453125e-05,0.000102996826171875,0.4081606053981651,0.4472839891910553,0.2342788996519866,0.2687018434562802,0.2656291923974402,0.20791847336291489,119.99921798706056,107.34815740585329,12.651060581207275,2.458349351628202,2.008346419465751,0.4500029321624505,29.91686160117032,28.11684987252052,1.8000117286498016,14,4,12.169491525423727,3.8736531228395243,15.005188516084399,14,14,14.0,0.0,0.0,4,4,4.0,0.0,0.0,295,241,54,3590,3374,216,119.99921809510808,0.22406639004149376,0,0,0,241,241,0,54,0,54,0,0,0,0,241,0,54,0,0,295,295,0,0,0,0,0,0,0,04/25/2020 01:38:39,79.45,0.0,37.117544899352644,0.0,5.675,0.0,254,16289,4820,1080,0,0,241,0,0,0,0,0,0,0,0,0,0,0,241,0,0,0,0,0,m_sp_na_1_DoS
192.168.1.20_192.168.1.26_50048_2404_IEC60870-5-104,IEC-60870-5-104,192.168.1.20,192.168.1.26,50048,2404,0,0,0,0,0,0,0,0,0,0,0.992568016052246,0.7512929439544678,0.992568016052246,1.6927719116210938e-05,0.00011491775512695312,1.6927719116210938e-05,0.40907736524380106,0.2405029782709085,0.44630420903364815,0.27672459525198845,0.23043924085591136,0.2726002370927455,119.85966801643372,12.746657848358154,107.11301016807556,2.4528684667024234,0.4505268612310573,2.0023416054713654,29.834889921523352,1.8021074449242287,28.03278247659913,14,4,12.16326530612245,3.878778908388233,15.044925820157411,4,4,4.0,0.0,0.0,14,14,14.0,0.0,0.0,294,54,240,3576,216,3360,119.85966797283942,4.4444444444444455,0,0,0,240,0,240,54,54,0,0,0,0,0,54,0,240,0,0,294,294,0,0,0,0,0,0,0,04/25/2020 01:40:39,0.0,80.76923076923076,0.0,36.67594649615121,0.0,5.769230769230767,16245,251,1080,4800,0,0,240,0,0,0,0,0,0,0,0,0,0,0,240,0,0,0,0,0,m_sp_na_1_DoS
192.168.1.26_192.168.1.20_2404_50048_IEC60870-5-104,IEC-60870-5-104,192.168.1.26,192.168.1.20,2404,50048,0,0,0,0,0,0,0,0,0,0,0.9836280345916748,0.9836280345916748,0.7014892101287842,2.288818359375e-05,2.288818359375e-05,8.20159912109375e-05,0.4095551642134735,0.4546429812908173,0.20538391707078466,0.28803255689418483,0.27916379345148656,0.2362374775774241,119.99966311454772,109.11431550979614,10.885347604751587,2.4500068797122925,2.0083389728253818,0.4416679068869098,29.883417247103,28.11674561955536,1.7666716275476395,14,4,12.197278911564624,3.8506937556443694,14.827842399758534,14,14,14.0,0.0,0.0,4,4,4.0,0.0,0.0,294,241,53,3586,3374,212,119.99966303544619,0.2199170124481328,0,0,0,241,241,0,53,0,53,0,0,0,0,241,0,53,0,0,294,294,0,0,0,0,0,0,0,04/25/2020 01:42:40,78.87804878048779,0.0,36.43004895527204,0.0,5.634146341463414,0.0,251,16365,4820,1060,0,0,241,0,0,0,0,0,0,0,0,0,0,0,241,0,0,0,0,0,m_sp_na_1_DoS
192.168.1.26_192.168.1.20_2404_50048_IEC60870-5-104,IEC-60870-5-104,192.168.1.26,192.168.1.20,2404,50048,0,0,0,0,0,0,0,0,0,0,0.9829041957855223,0.9829041957855223,0.7587578296661377,1.71661376953125e-05,1.71661376953125e-05,0.00010013580322265624,0.4087579453764515,0.4463639029897905,0.2423167626063029,0.28598944817485544,0.2834682501080665,0.2348993620965482,119.7660779953003,106.68097281455994,13.085105180740356,2.454785236115993,2.0039063151967293,0.4508789209192641,29.85820409643127,28.054688412754203,1.8035156836770565,14,4,12.16326530612245,3.878778908388233,15.044925820157411,14,14,14.0,0.0,0.0,4,4,4.0,0.0,0.0,294,240,54,3576,3360,216,119.76607797477722,0.225,0,0,0,240,240,0,54,0,54,0,0,0,0,240,0,54,0,0,294,294,0,0,0,0,0,0,0,04/25/2020 01:44:40,73.81818181818181,0.0,36.675092565935024,0.0,5.2727272727272725,0.0,255,16389,4800,1080,0,0,240,0,0,0,0,0,0,0,0,0,0,0,240,0,0,0,0,0,m_sp_na_1_DoS
192.168.1.26_192.168.1.20_2404_50048_IEC60870-5-104,IEC-60870-5-104,192.168.1.26,192.168.1.20,2404,50048,0,0,0,0,0,0,0,0,0,0,1.475133180618286,1.475133180618286,0.701693058013916,1.883506774902344e-05,1.883506774902344e-05,9.894371032714844e-05,0.4120686580394877,0.4473500111523797,0.2505886187920204,0.2787338600029104,0.27622088890663193,0.2308692918141563,119.49991083145142,106.46930265426636,13.03060817718506,2.435148258957156,2.0000014910335406,0.4351467679236154,29.740607946164022,28.00002087446957,1.740587071694462,14,4,12.213058419243984,3.837559559464516,14.726863372437492,14,14,14.0,0.0,0.0,4,4,4.0,0.0,0.0,291,239,52,3554,3346,208,119.4999109108124,0.2175732217573222,0,0,0,239,239,0,52,0,52,0,0,0,0,239,0,52,0,0,291,291,0,0,0,2,0,28,0,04/25/2020 01:46:40,80.24390243902441,0.0,36.920226477871225,0.0,5.7317073170731705,0.0,254,16089,4780,1040,0,0,239,0,0,0,0,0,0,0,0,0,0,0,239,0,0,0,0,0,m_sp_na_1_DoS
192.168.1.20_192.168.1.26_50048_2404_IEC60870-5-104,IEC-60870-5-104,192.168.1.20,192.168.1.26,50048,2404,0,0,0,0,0,0,0,0,0,0,0.9889390468597412,0.7287130355834961,0.9889390468597412,9.5367431640625e-07,9.5367431640625e-07,2.312660217285156e-05,0.4147900033574616,0.3110701113331075,0.43596614797910055,0.2645642048531836,0.25733794871672955,0.26151220683920184,119.87431097030641,15.242435455322266,104.63187551498413,2.4192005580433387,0.41710354449023096,2.0020970135531075,29.697772367704435,1.668414177960923,28.029358189743515,14,4,12.275862068965518,3.783926593545158,14.318100465338265,4,4,4.0,0.0,0.0,14,14,14.0,0.0,0.0,290,50,240,3560,200,3360,119.87431097261049,4.8,0,0,0,240,0,240,50,50,0,0,0,0,0,50,0,240,0,0,290,290,0,0,0,0,0,0,0,04/25/2020 01:48:40,0.0,77.48837209302326,0.0,37.1810688369996,0.0,5.534883720930233,16065,252,1000,4800,0,0,240,0,0,0,0,0,0,0,0,0,0,0,240,0,0,0,0,0,m_sp_na_1_DoS
192.168.1.26_192.168.1.20_2404_50048_IEC60870-5-104,IEC-60870-5-104,192.168.1.26,192.168.1.20,2404,50048,0,0,0,0,0,0,0,0,0,0,0.968407154083252,0.968407154083252,0.7082321643829346,1.883506774902344e-05,1.883506774902344e-05,5.102157592773438e-05,0.40699281220550015,0.4403352195566351,0.2487798204608992,0.2668428699544213,0.26519508378066897,0.21434121493167568,119.24889397621156,106.56112313270569,12.68777084350586,2.465431669770305,2.0377547474632114,0.4276769223070936,30.306360729761487,28.511794820472907,1.794565909288589,22,4,12.29251700680272,3.8339437529879032,14.69912470107497,22,4,13.991769547325099,0.8231755160007995,0.6776179301431826,14,4,4.196078431372549,1.40028008402801,1.9607843137254903,294,243,51,3614,3400,214,119.24889405975344,0.20987654320987653,0,0,0,243,242,1,51,1,50,0,0,0,0,243,0,51,0,0,294,294,0,0,0,0,0,0,0,04/25/2020 01:50:40,74.0,0.0,37.04780401644923,0.0,5.288888888888889,0.0,252,16169,4860,1020,0,0,240,0,0,1,1,0,0,0,0,0,0,1,241,0,0,2,0,0,m_sp_na_1_DoS
192.168.1.26_192.168.1.20_2404_50048_IEC60870-5-104,IEC-60870-5-104,192.168.1.26,192.168.1.20,2404,50048,0,0,0,0,0,0,0,0,0,0,0.9255177974700928,0.9255177974700928,0.7617518901824951,2.384185791015625e-05,2.384185791015625e-05,6.198883056640625e-05,0.4123709283743528,0.435070663690567,0.30554864453334435,0.2711515842416334,0.2707017532589268,0.24909070512915024,119.99994015693665,104.41695928573608,15.582980871200562,2.4333345481444293,2.0083343359685197,0.42500021217591066,29.81668155226291,28.11668070355927,1.7000008487036429,14,4,12.253424657534245,3.8032571387850975,14.464764863719811,14,14,14.0,0.0,0.0,4,4,4.0,0.0,0.0,292,241,51,3578,3374,204,119.99994009153748,0.2116182572614108,0,0,0,241,241,0,51,0,51,0,0,0,0,241,0,51,0,0,292,292,0,0,0,0,0,0,0,04/25/2020 01:52:40,74.45454545454545,0.0,38.14461651089725,0.0,5.318181818181818,0.0,251,16185,4820,1020,0,0,241,0,0,0,0,0,0,0,0,0,0,0,241,0,0,0,0,0,m_sp_na_1_DoS
192.168.1.26_192.168.1.20_2404_50048_IEC60870-5-104,IEC-60870-5-104,192.168.1.26,192.168.1.20,2404,50048,0,0,0,0,0,0,0,0,0,0,0.9954919815063475,0.9954919815063475,0.7593441009521484,1.883506774902344e-05,1.883506774902344e-05,6.198883056640625e-05,0.4158572223451402,0.4426876650694524,0.2849903690571688,0.2833294168220352,0.2821358562573449,0.2534307320426878,119.7668800354004,105.80235195159912,13.96452808380127,2.413021028819462,2.0038928959054365,0.4091281329140265,29.69101307433222,28.054500542676106,1.6365125316561058,14,4,12.304498269896193,3.758880296604081,14.129181084198384,14,14,14.0,0.0,0.0,4,4,4.0,0.0,0.0,289,240,49,3556,3360,196,119.76688000161744,0.20416666666666666,0,0,0,240,240,0,49,0,49,0,0,0,0,240,0,49,0,0,289,289,0,0,0,0,0,0,0,04/25/2020 01:54:41,73.42222222222222,0.0,37.15146035317928,0.0,5.2444444444444445,0.0,255,16257,4800,980,0,0,240,0,0,0,0,0,0,0,0,0,0,0,240,0,0,0,0,0,m_sp_na_1_DoS
192.168.1.26_192.168.1.20_2404_50048_IEC60870-5-104,IEC-60870-5-104,192.168.1.26,192.168.1.20,2404,50048,0,0,0,0,0,0,0,0,0,0,0.9934520721435548,0.9934520721435548,0.7050290107727051,2.408027648925781e-05,2.408027648925781e-05,5.102157592773438e-05,0.408989194310159,0.4392159799734751,0.27211318375929344,0.2779252896856683,0.2750534114429384,0.2504291834384231,119.83383393287659,105.41183519363405,14.421998739242554,2.453397260986934,2.0111181629178607,0.4422790980690732,29.92477067312635,28.155654280850055,1.7691163922762927,14,4,12.197278911564624,3.8506937556443694,14.827842399758534,14,14,14.0,0.0,0.0,4,4,4.0,0.0,0.0,294,241,53,3586,3374,212,119.83383395550536,0.2199170124481328,0,0,0,241,241,0,53,0,53,0,0,0,0,241,0,53,0,0,294,294,0,0,0,0,0,0,0,04/25/2020 01:56:41,73.73333333333333,0.0,37.54400770423861,0.0,5.266666666666667,0.0,254,16269,4820,1060,0,0,241,0,0,0,0,0,0,0,0,0,0,0,241,0,0,0,0,0,m_sp_na_1_DoS
192.168.1.26_192.168.1.20_2404_50048_IEC60870-5-104,IEC-60870-5-104,192.168.1.26,192.168.1.20,2404,50048,0,0,0,0,0,0,0,0,0,0,0.9876861572265624,0.9876861572265624,0.7304039001464844,1.7881393432617188e-05,1.7881393432617188e-05,0.00011396408081054688,0.41435007999340695,0.44319433248192697,0.2736607668351154,0.2662294021461251,0.2680935020072909,0.20752734315043608,119.3328230381012,105.92344546318054,13.409377574920654,2.4217980666789467,2.0111817854773264,0.4106162812016208,29.799010121489054,28.15654499668256,1.642465124806483,14,4,12.304498269896193,3.758880296604081,14.129181084198384,14,14,14.0,0.0,0.0,4,4,4.0,0.0,0.0,289,240,49,3556,3360,196,119.33282298648069,0.20416666666666666,0,0,0,240,240,0,49,0,49,0,0,0,0,240,0,49,0,0,289,289,0,0,0,0,0,0,0,04/25/2020 01:58:41,76.04545454545455,0.0,37.22341533935785,0.0,5.431818181818182,0.0,253,16317,4800,980,0,0,240,0,0,0,0,0,0,0,0,0,0,0,240,0,0,0,0,0,m_sp_na_1_DoS
192.168.1.26_192.168.1.20_2404_50048_IEC60870-5-104,IEC-60870-5-104,192.168.1.26,192.168.1.20,2404,50048,0,0,0,0,0,0,0,0,0,0,1.230518102645874,0.9918620586395264,1.230518102645874,2.384185791015625e-05,2.384185791015625e-05,0.0001080036163330078,0.4100436576425213,0.4414632420160781,0.2683591167881804,0.286078039969596,0.2785997194596311,0.27882662603494385,119.73274803161621,105.50971484184264,14.22303318977356,2.44711664170832,2.0044641433788284,0.4426524983294912,29.83310800062157,28.062498007303592,1.7706099933179646,14,4,12.191126279863482,3.85583392199389,14.867455233998784,14,14,14.0,0.0,0.0,4,4,4.0,0.0,0.0,293,240,53,3572,3360,212,119.7327479230652,0.22083333333333333,0,0,0,240,240,0,53,0,53,0,0,0,0,240,0,53,0,0,293,293,0,0,0,0,0,0,0,04/25/2020 02:00:41,74.88372093023256,0.0,37.62931703362203,0.0,5.348837209302325,0.0,251,16389,4800,1060,0,0,240,0,0,0,0,0,0,0,0,0,0,0,240,0,0,0,0,0,m_sp_na_1_DoS
192.168.1.26_192.168.1.20_2404_50048_IEC60870-5-104,IEC-60870-5-104,192.168.1.26,192.168.1.20,2404,50048,0,0,0,0,0,0,0,0,0,0,0.9784500598907472,0.9784500598907472,0.7662560939788818,2.193450927734375e-05,2.193450927734375e-05,0.00011301040649414062,0.4109574589010787,0.4380936276368581,0.2827257595810236,0.27238814904944625,0.2709230579201551,0.2432662418524477,119.999577999115,105.58056426048279,14.419013738632202,2.4416752543060287,2.0166737595292124,0.4250014947768172,29.93343861251623,28.233432633408967,1.7000059791072688,14,4,12.25938566552901,3.7981099704100285,14.425639347328069,14,14,14.0,0.0,0.0,4,4,4.0,0.0,0.0,293,242,51,3592,3388,204,119.99957794685363,0.21074380165289253,0,0,0,242,242,0,51,0,51,0,0,0,0,242,0,51,0,0,293,293,0,0,0,0,0,0,0,04/25/2020 02:02:42,81.2,0.0,36.71235233323786,0.0,5.8,0.0,256,16065,4840,1020,0,0,242,0,0,0,0,0,0,0,0,0,0,0,242,0,0,0,0,0,m_sp_na_1_DoS
192.168.1.26_192.168.1.20_2404_50048_IEC60870-5-104,IEC-60870-5-104,192.168.1.26,192.168.1.20,2404,50048,0,0,0,0,0,0,0,0,0,0,0.9972372055053712,0.9972372055053712,0.7575719356536865,1.811981201171875e-05,1.811981201171875e-05,0.00010204315185546876,0.4123707014260833,0.4486147860685985,0.2418103031083649,0.2792141671358677,0.27255956598443903,0.2471700247947397,119.99987411499023,107.66754865646362,12.332325458526613,2.4333358877973255,2.0083354416409422,0.4250004461563819,29.816697967598728,28.1166961829732,1.7000017846255282,14,4,12.253424657534245,3.8032571387850975,14.464764863719811,14,14,14.0,0.0,0.0,4,4,4.0,0.0,0.0,292,241,51,3578,3374,204,119.99987402656556,0.2116182572614108,0,0,0,241,241,0,51,0,51,0,0,0,0,241,0,51,0,0,292,292,0,0,0,0,0,0,0,04/25/2020 02:04:42,80.24390243902441,0.0,37.03168926590225,0.0,5.7317073170731705,0.0,255,16113,4820,1020,0,0,241,0,0,0,0,0,0,0,0,0,0,0,241,0,0,0,0,0,m_sp_na_1_DoS
192.168.1.20_192.168.1.26_50048_2404_IEC60870-5-104,IEC-60870-5-104,192.168.1.20,192.168.1.26,50048,2404,0,0,0,0,0,0,0,0,0,0,0.9110507965087892,0.747218132019043,0.9110507965087892,2.408027648925781e-05,5.102157592773438e-05,2.408027648925781e-05,0.4081343874639394,0.26059055769885026,0.4413317491610845,0.2751360631265497,0.2410373278131073,0.2718353779571066,119.99150991439821,14.071890115737915,105.91961979866028,2.4585072728873265,0.4583657627417048,2.0001415101456206,29.90211557667704,1.9168022805562202,27.98531329612081,22,4,12.162711864406779,3.941834680448688,15.538060647988008,14,4,4.181818181818182,1.3483997249264843,1.8181818181818181,22,4,13.991666666666667,0.8283252583449773,0.6861227336122734,295,55,240,3588,230,3358,119.99150999197386,4.363636363636363,0,0,0,240,1,239,55,54,1,0,0,0,0,55,0,240,0,0,295,295,0,0,0,0,0,0,0,04/25/2020 02:06:42,0.0,76.13953488372094,0.0,37.33759415269099,0.0,5.441860465116278,16077,252,1100,4800,0,0,237,0,0,1,1,0,0,0,0,0,0,1,238,0,0,2,0,0,m_sp_na_1_DoS
192.168.1.26_192.168.1.20_2404_50048_IEC60870-5-104,IEC-60870-5-104,192.168.1.26,192.168.1.20,2404,50048,0,0,0,0,0,0,0,0,0,0,0.9740889072418212,0.9740889072418212,0.7457149028778076,2.09808349609375e-05,2.09808349609375e-05,7.700920104980469e-05,0.41095627415670105,0.4437335838874181,0.2596763830918532,0.2875145420913736,0.2840245497730069,0.2554269501985473,119.99923205375671,106.49606013298036,13.503171920776367,2.4416822938574567,2.008346187097772,0.4333361067596853,29.850191046407556,28.11684661936881,1.7333444270387413,14,4,12.225255972696244,3.827233480696002,14.647716115760439,14,14,14.0,0.0,0.0,4,4,4.0,0.0,0.0,293,241,52,3582,3374,208,119.99923197915643,0.2157676348547718,0,0,0,241,241,0,52,0,52,0,0,0,0,241,0,52,0,0,293,293,0,0,0,0,0,0,0,04/25/2020 02:08:43,78.1951219512195,0.0,36.55444505244365,0.0,5.585365853658537,0.0,252,16161,4820,1040,0,0,241,0,0,0,0,0,0,0,0,0,0,0,241,0,0,0,0,0,m_sp_na_1_DoS
192.168.1.26_192.168.1.20_2404_50048_IEC60870-5-104,IEC-60870-5-104,192.168.1.26,192.168.1.20,2404,50048,0,0,0,0,0,0,0,0,0,0,0.9916808605194092,0.9916808605194092,0.7365539073944092,2.2172927856445312e-05,2.2172927856445312e-05,5.507469177246094e-05,0.4109579218577033,0.4405358831087749,0.27444425454506505,0.2692172592939803,0.26577319003221905,0.2437526926655847,119.99971318244934,105.72861194610596,14.271101236343384,2.4416725042485683,2.008338134893873,0.4333343693546947,29.85007136593301,28.116733888514233,1.7333374774187786,14,4,12.225255972696244,3.827233480696002,14.647716115760439,14,14,14.0,0.0,0.0,4,4,4.0,0.0,0.0,293,241,52,3582,3374,208,119.99971310246276,0.2157676348547718,0,0,0,241,241,0,52,0,52,0,0,0,0,241,0,52,0,0,293,293,0,0,0,0,0,0,0,04/25/2020 02:10:43,78.53658536585365,0.0,37.61027885650689,0.0,5.6097560975609735,0.0,251,16197,4820,1040,0,0,241,0,0,0,0,0,0,0,0,0,0,0,241,0,0,0,0,0,m_sp_na_1_DoS
192.168.1.26_192.168.1.20_2404_50048_IEC60870-5-104,IEC-60870-5-104,192.168.1.26,192.168.1.20,2404,50048,0,0,0,0,0,0,0,0,0,0,0.9886751174926758,0.9886751174926758,0.7572150230407715,1.883506774902344e-05,1.883506774902344e-05,9.012222290039062e-05,0.4123392613073395,0.4436923729325937,0.2682355367220365,0.2799782499057354,0.2732839895780493,0.26726192272143684,119.99072504043579,106.04247713088988,13.948247909545898,2.433521422436733,2.000154593783616,0.4333668286531166,29.73563162758308,28.00216431297062,1.7334673146124664,14,4,12.219178082191785,3.832387124848815,14.687191074706964,14,14,14.0,0.0,0.0,4,4,4.0,0.0,0.0,292,240,52,3568,3360,208,119.9907250899048,0.21666666666666667,0,0,0,240,240,0,52,0,52,0,0,0,0,240,0,52,0,0,292,292,0,0,0,0,0,0,0,04/25/2020 02:12:44,84.35897435897436,0.0,36.418257510797936,0.0,6.0256410256410255,0.0,255,16233,4800,1040,0,0,240,0,0,0,0,0,0,0,0,0,0,0,240,0,0,0,0,0,m_sp_na_1_DoS
192.168.1.26_192.168.1.20_2404_50048_IEC60870-5-104,IEC-60870-5-104,192.168.1.26,192.168.1.20,2404,50048,0,0,0,0,0,0,0,0,0,0,0.9625639915466307,0.9625639915466307,0.7509260177612305,1.9073486328125e-05,1.9073486328125e-05,0.00012993812561035156,0.412369196357596,0.44148213466008507,0.2753671337576473,0.2754345796445345,0.2696748912025135,0.26301294710714,119.99943614006042,105.95571231842041,14.043723821640015,2.4333447688460965,2.0083427715476354,0.4250019972984622,29.81680679086075,28.11679880166689,1.7000079891938484,14,4,12.253424657534245,3.8032571387850975,14.464764863719811,14,14,14.0,0.0,0.0,4,4,4.0,0.0,0.0,292,241,51,3578,3374,204,119.99943605955501,0.2116182572614108,0,0,0,241,241,0,51,0,51,0,0,0,0,241,0,51,0,0,292,292,0,0,0,0,0,0,0,04/25/2020 02:14:44,84.35897435897436,0.0,36.62634695895783,0.0,6.0256410256410255,0.0,254,16305,4820,1020,0,0,241,0,0,0,0,0,0,0,0,0,0,0,241,0,0,0,0,0,m_sp_na_1_DoS
192.168.1.20_192.168.1.26_50048_2404_IEC60870-5-104,IEC-60870-5-104,192.168.1.20,192.168.1.26,50048,2404,0,0,0,0,0,0,0,0,0,0,0.9170920848846436,0.7514021396636963,0.9170920848846436,2.09808349609375e-05,5.91278076171875e-05,2.09808349609375e-05,0.3433707935420695,0.21416701055040546,0.3654828503627905,0.2163665370626002,0.1890425833272872,0.21325996235480826,119.83640694618224,10.922517538070679,108.91388940811156,2.920648315874463,0.433924892644206,2.4867234232302566,36.54982749580041,1.735699570576824,34.81412792522361,14,4,12.514285714285714,3.5617470084137546,12.68604175194433,4,4,4.0,0.0,0.0,14,14,14.0,0.0,0.0,350,52,298,4380,208,4172,119.83640690242002,5.730769230769233,0,0,0,298,0,298,52,52,0,0,0,0,0,52,0,298,0,0,350,350,0,0,0,0,0,0,0,04/25/2020 02:16:44,0.0,101.15,0.0,41.59722700506372,0.0,7.225,16277,251,1040,5960,0,0,298,0,0,0,0,0,0,0,0,0,0,0,298,0,0,0,0,0,m_sp_na_1_DoS
192.168.1.26_192.168.1.20_2404_50048_IEC60870-5-104,IEC-60870-5-104,192.168.1.26,192.168.1.20,2404,50048,0,0,0,0,0,0,0,0,0,0,0.99937105178833,0.99937105178833,0.4690959453582764,2.288818359375e-05,2.288818359375e-05,6.29425048828125e-05,0.3010083500023753,0.3195608844104995,0.15944444614907968,0.1440252581705262,0.1342576873221383,0.13847374507714605,119.500314950943,112.16587042808531,7.334444522857666,3.3305351551998963,2.945598931232069,0.3849362239678272,42.778129933120276,41.23838503724897,1.5397448958713087,14,4,12.844221105527634,3.2012047907308703,10.247712112198274,14,14,14.0,0.0,0.0,4,4,4.0,0.0,0.0,398,352,46,5112,4928,184,119.50031495046993,0.13068181818181818,0,0,0,352,352,0,46,0,46,0,0,0,0,352,0,46,0,0,398,398,0,0,0,0,0,0,0,04/25/2020 02:18:44,129.40540540540542,0.0,46.356340784979544,0.0,9.243243243243244,0.0,251,16389,7040,920,0,0,352,0,0,0,0,0,0,0,0,0,0,0,352,0,0,0,0,0,m_sp_na_1_DoS
192.168.1.26_192.168.1.20_2404_50048_IEC60870-5-104,IEC-60870-5-104,192.168.1.26,192.168.1.20,2404,50048,0,0,0,0,0,0,0,0,0,0,0.9946038722991944,0.9946038722991944,0.7344880104064941,2.288818359375e-05,2.288818359375e-05,0.00010204315185546876,0.4125759411848128,0.4348815684496615,0.3005831042925517,0.2694015258856821,0.27136189470410554,0.2309710950005445,119.23444700241087,104.80645799636841,14.42798900604248,2.4321830425037216,2.029614814778968,0.4025682277247539,30.02488031780457,28.33073902612957,1.6941412916750058,14,4,12.344827586206891,3.722891517415924,13.85992125044744,14,4,13.958677685950413,0.6428243465332251,0.4132231404958678,14,4,4.208333333333333,1.4433756729740643,2.083333333333333,290,242,48,3580,3378,202,119.23444696887212,0.19834710743801653,0,0,0,242,241,1,48,1,47,0,0,0,0,242,0,48,0,0,290,290,0,0,0,0,0,0,0,04/25/2020 02:20:44,79.3170731707317,0.0,36.779418165212114,0.0,5.682926829268293,0.0,256,16413,4840,960,0,0,240,0,0,1,1,0,0,0,0,0,0,0,240,0,0,2,0,0,m_sp_na_1_DoS
192.168.1.26_192.168.1.20_2404_50048_IEC60870-5-104,IEC-60870-5-104,192.168.1.26,192.168.1.20,2404,50048,0,0,0,0,0,0,0,0,0,0,0.9840140342712402,0.9840140342712402,0.7402150630950928,2.384185791015625e-05,2.384185791015625e-05,0.00010585784912109376,0.4097384538027839,0.44886956413586937,0.2255920522353229,0.2813854168263302,0.2760169021523586,0.2304929980958193,119.23389005661012,107.72869539260864,11.505194664001465,2.448968157929698,2.02123741801732,0.4277307399123789,30.00824681189198,28.29732385224247,1.7109229596495157,14,4,12.253424657534245,3.8032571387850975,14.464764863719811,14,14,14.0,0.0,0.0,4,4,4.0,0.0,0.0,292,241,51,3578,3374,204,119.23389001792907,0.2116182572614108,0,0,0,241,241,0,51,0,51,0,0,0,0,241,0,51,0,0,292,292,0,0,0,0,0,0,0,04/25/2020 02:22:44,78.33333333333333,0.0,36.576753816434056,0.0,5.595238095238094,0.0,255,16065,4820,1020,0,0,241,0,0,0,0,0,0,0,0,0,0,0,241,0,0,0,0,0,m_sp_na_1_DoS
192.168.1.26_192.168.1.20_2404_50048_IEC60870-5-104,IEC-60870-5-104,192.168.1.26,192.168.1.20,2404,50048,0,0,0,0,0,0,0,0,0,0,0.9745888710021972,0.9745888710021972,0.7380690574645996,2.09808349609375e-05,2.09808349609375e-05,6.198883056640625e-05,0.4137920141220093,0.4400006254514057,0.2879906797409057,0.27642183547566457,0.2744419035280024,0.2525369092018109,119.99968409538269,105.6001501083374,14.399533987045288,2.4250063844055005,2.0083386207619442,0.4166677636435567,29.78341174524144,28.116740690667203,1.6666710545742267,14,4,12.281786941580755,3.778748867379975,14.27894300272544,14,14,14.0,0.0,0.0,4,4,4.0,0.0,0.0,291,241,50,3574,3374,200,119.99968407148745,0.2074688796680498,0,0,0,241,241,0,50,0,50,0,0,0,0,241,0,50,0,0,291,291,0,0,0,0,0,0,0,04/25/2020 02:24:44,76.18604651162791,0.0,37.425269413958674,0.0,5.441860465116278,0.0,253,16121,4820,1000,0,0,241,0,0,0,0,0,0,0,0,0,0,0,241,0,0,0,0,0,m_sp_na_1_DoS
192.168.1.26_192.168.1.20_2404_50048_IEC60870-5-104,IEC-60870-5-104,192.168.1.26,192.168.1.20,2404,50048,0,0,0,0,0,0,0,0,0,0,0.9887619018554688,0.9887619018554688,0.7554278373718262,2.193450927734375e-05,2.193450927734375e-05,0.00010895729064941406,0.4101604313066561,0.4348032622911129,0.29371097508598776,0.2770375065886737,0.2770354377585862,0.24805554880093755,119.76684594154358,104.7875862121582,14.979259729385376,2.4464199383240954,2.02059257704584,0.4258273612782556,29.99160552375479,28.288296078641768,1.7033094451130222,14,4,12.25938566552901,3.7981099704100285,14.425639347328069,14,14,14.0,0.0,0.0,4,4,4.0,0.0,0.0,293,242,51,3592,3388,204,119.76684599812315,0.21074380165289253,0,0,0,242,242,0,51,0,51,0,0,0,0,242,0,51,0,0,293,293,0,0,0,0,0,0,0,04/25/2020 02:26:45,75.53488372093024,0.0,37.31191972239381,0.0,5.395348837209302,0.0,252,16161,4840,1020,0,0,242,0,0,0,0,0,0,0,0,0,0,0,242,0,0,0,0,0,m_sp_na_1_DoS
192.168.1.26_192.168.1.20_2404_50048_IEC60870-5-104,IEC-60870-5-104,192.168.1.26,192.168.1.20,2404,50048,0,0,0,0,0,0,0,0,0,0,0.92848801612854,0.92848801612854,0.7372009754180908,2.5033950805664066e-05,2.5033950805664066e-05,0.00017309188842773438,0.4081107961888216,0.421951479713122,0.3465966471919307,0.24832696066950696,0.25624606729896104,0.2002206167645932,119.98457407951356,101.26835513114928,18.716218948364254,2.458649392753726,2.0085915378089774,0.4500578549447501,29.920512949104687,28.12028152932568,1.8002314197790004,14,4,12.169491525423727,3.8736531228395243,15.005188516084399,14,14,14.0,0.0,0.0,4,4,4.0,0.0,0.0,295,241,54,3590,3374,216,119.98457399800108,0.22406639004149376,0,0,0,241,241,0,54,0,54,0,0,0,0,241,0,54,0,0,295,295,0,0,0,0,0,0,0,04/25/2020 02:28:45,65.33333333333333,0.0,40.279527834477456,0.0,4.666666666666667,0.0,251,16209,4820,1080,0,0,241,0,0,0,0,0,0,0,0,0,0,0,241,0,0,0,0,0,m_sp_na_1_DoS
192.168.1.26_192.168.1.20_2404_50048_IEC60870-5-104,IEC-60870-5-104,192.168.1.26,192.168.1.20,2404,50048,0,0,0,0,0,0,0,0,0,0,0.9848408699035645,0.9848408699035645,0.7575829029083252,2.09808349609375e-05,2.09808349609375e-05,0.0001659393310546875,0.41251659558306103,0.44947734238213577,0.2358442258834839,0.30512513628515553,0.3049901799373052,0.238511996841929,119.21729612350464,107.42508482933044,11.792211294174194,2.4325329433821925,2.0131307117645725,0.4194022316176193,29.861438891174487,28.183829964704017,1.6776089264704768,14,4,12.275862068965518,3.783926593545158,14.318100465338265,14,14,14.0,0.0,0.0,4,4,4.0,0.0,0.0,290,240,50,3560,3360,200,119.21729602427669,0.2083333333333333,0,0,0,240,240,0,50,0,50,0,0,0,0,240,0,50,0,0,290,290,0,0,0,0,0,0,0,04/25/2020 02:30:45,76.0,0.0,35.75640919352393,0.0,5.428571428571429,0.0,255,16253,4800,1000,0,0,240,0,0,0,0,0,0,0,0,0,0,0,240,0,0,0,0,0,m_sp_na_1_DoS
192.168.1.26_192.168.1.20_2404_50048_IEC60870-5-104,IEC-60870-5-104,192.168.1.26,192.168.1.20,2404,50048,0,0,0,0,0,0,0,0,0,0,0.9975199699401855,0.9975199699401855,0.7416360378265381,2.09808349609375e-05,2.09808349609375e-05,0.0001080036163330078,0.4123678862843727,0.4463927219311396,0.25225101265252803,0.2820763584925946,0.2825469225249696,0.2195024777292653,119.99905490875244,107.13425326347351,12.86480164527893,2.433352496946223,2.008349149876848,0.4250033470693746,29.81690148655339,28.116888098275886,1.7000133882774984,14,4,12.253424657534245,3.8032571387850975,14.464764863719811,14,14,14.0,0.0,0.0,4,4,4.0,0.0,0.0,292,241,51,3578,3374,204,119.9990549525604,0.2116182572614108,0,0,0,241,241,0,51,0,51,0,0,0,0,241,0,51,0,0,292,292,0,0,0,0,0,0,0,04/25/2020 02:32:45,77.16279069767442,0.0,37.48470532513961,0.0,5.511627906976744,0.0,254,16281,4820,1020,0,0,241,0,0,0,0,0,0,0,0,0,0,0,241,0,0,0,0,0,m_sp_na_1_DoS
192.168.1.26_192.168.1.20_2404_50048_IEC60870-5-104,IEC-60870-5-104,192.168.1.26,192.168.1.20,2404,50048,0,0,0,0,0,0,0,0,0,0,0.9372811317443848,0.9372811317443848,0.7831110954284668,2.384185791015625e-05,2.384185791015625e-05,5.888938903808594e-05,0.4088144880106018,0.4213812638120533,0.3505723155461825,0.2796677563988309,0.2838969536815256,0.2536269068532511,119.78264498710631,101.55288457870485,18.22976040840149,2.454445715393045,2.0203260650514183,0.4341196503416272,30.087831150600465,28.267868001091326,1.8199631495091293,22,4,12.258503401360546,3.8629922359935893,14.922709015346749,22,4,13.991735537190086,0.8248814099963667,0.6804293405575941,14,4,4.1923076923076925,1.3867504905630728,1.9230769230769231,294,242,52,3604,3386,218,119.78264508201595,0.21487603305785125,0,0,0,242,241,1,52,1,51,0,0,0,0,242,0,52,0,0,294,294,0,0,0,0,0,0,0,04/25/2020 02:34:46,75.68181818181819,0.0,37.90168789305359,0.0,5.409090909090909,0.0,253,16325,4840,1040,0,0,239,0,0,1,1,0,0,0,0,0,0,1,240,0,0,2,0,0,m_sp_na_1_DoS
192.168.1.26_192.168.1.20_2404_50048_IEC60870-5-104,IEC-60870-5-104,192.168.1.26,192.168.1.20,2404,50048,0,0,0,0,0,0,0,0,0,0,0.9733920097351074,0.9733920097351074,0.7751340866088867,2.408027648925781e-05,2.408027648925781e-05,0.0005350112915039061,0.4152241487404054,0.4326411441154005,0.3277763177951177,0.29149649900210384,0.2949569070110214,0.2589402303718981,119.99977898597716,104.26651573181152,15.73326325416565,2.4166711185059966,2.0166703816498317,0.4000007368561648,29.833388290522297,28.233385343097638,1.600002947424659,14,4,12.344827586206891,3.722891517415924,13.85992125044744,14,14,14.0,0.0,0.0,4,4,4.0,0.0,0.0,290,242,48,3580,3388,192,119.99977894355771,0.19834710743801653,0,0,0,242,242,0,48,0,48,0,0,0,0,242,0,48,0,0,290,290,0,0,0,0,0,0,0,04/25/2020 02:36:46,75.4090909090909,0.0,36.92802504214252,0.0,5.386363636363637,0.0,251,16361,4840,960,0,0,242,0,0,0,0,0,0,0,0,0,0,0,242,0,0,0,0,0,m_sp_na_1_DoS
192.168.1.26_192.168.1.20_2404_50048_IEC60870-5-104,IEC-60870-5-104,192.168.1.26,192.168.1.20,2404,50048,0,0,0,0,0,0,0,0,0,0,0.9951798915863036,0.9951798915863036,0.7373759746551514,2.09808349609375e-05,2.09808349609375e-05,7.915496826171875e-05,0.4081628168521284,0.4458546391166592,0.2367717005171865,0.29760754519323745,0.2987694955953237,0.22483583682521424,119.99986815452576,107.45096802711487,12.548900127410887,2.4583360360516,2.016668883811821,0.4416671522397791,30.000032982324623,28.233364373365504,1.7666686089591161,14,4,12.203389830508476,3.8455719787976816,14.788423844113918,14,14,14.0,0.0,0.0,4,4,4.0,0.0,0.0,295,242,53,3600,3388,212,119.99986807084656,0.2190082644628099,0,0,0,242,242,0,53,0,53,0,0,0,0,242,0,53,0,0,295,295,0,0,0,0,0,0,0,04/25/2020 02:38:46,73.18181818181819,0.0,36.474302404046185,0.0,5.227272727272728,0.0,256,16397,4840,1060,0,0,242,0,0,0,0,0,0,0,0,0,0,0,242,0,0,0,0,0,m_sp_na_1_DoS
192.168.1.26_192.168.1.20_2404_50048_IEC60870-5-104,IEC-60870-5-104,192.168.1.26,192.168.1.20,2404,50048,0,0,0,0,0,0,0,0,0,0,0.991339921951294,0.991339921951294,0.7648158073425293,2.193450927734375e-05,2.193450927734375e-05,8.082389831542969e-05,0.4079093130267396,0.44492470324039457,0.24339646763271755,0.2999177485343147,0.29972324374861364,0.24164903631377124,119.92533802986144,106.7819287776947,13.143409252166748,2.4598638190508084,2.0095836623432013,0.4502801567076054,29.93529189963525,28.134171272804824,1.8011206268304216,14,4,12.169491525423727,3.8736531228395243,15.005188516084399,14,14,14.0,0.0,0.0,4,4,4.0,0.0,0.0,295,241,54,3590,3374,216,119.92533802697754,0.22406639004149376,0,0,0,241,241,0,54,0,54,0,0,0,0,241,0,54,0,0,295,295,0,0,0,0,0,0,0,04/25/2020 02:40:47,74.55813953488372,0.0,36.60830975517251,0.0,5.325581395348837,0.0,255,16421,4820,1080,0,0,241,0,0,0,0,0,0,0,0,0,0,0,241,0,0,0,0,0,m_sp_na_1_DoS
192.168.1.26_192.168.1.20_2404_50048_IEC60870-5-104,IEC-60870-5-104,192.168.1.26,192.168.1.20,2404,50048,0,0,0,0,0,0,0,0,0,0,0.9849481582641602,0.9849481582641602,0.7697789669036865,2.09808349609375e-05,2.09808349609375e-05,0.000102996826171875,0.4081602104667093,0.4367073254961196,0.2783516308046737,0.2833559265981678,0.2832083770596837,0.24752621224070864,119.99910187721252,105.24646544456482,14.752636432647705,2.4583517320809953,2.016681759876612,0.441669972204382,30.00022452709009,28.233544638272573,1.766679888817528,14,4,12.203389830508476,3.8455719787976816,14.788423844113918,14,14,14.0,0.0,0.0,4,4,4.0,0.0,0.0,295,242,53,3600,3388,212,119.9991018983612,0.2190082644628099,0,0,0,242,242,0,53,0,53,0,0,0,0,242,0,53,0,0,295,295,0,0,0,0,0,0,0,04/25/2020 02:42:47,76.0,0.0,36.28620058641091,0.0,5.428571428571429,0.0,253,16101,4840,1060,0,0,242,0,0,0,0,0,0,0,0,0,0,0,242,0,0,0,0,0,m_sp_na_1_DoS
192.168.1.26_192.168.1.20_2404_50048_IEC60870-5-104,IEC-60870-5-104,192.168.1.26,192.168.1.20,2404,50048,0,0,0,0,0,0,0,0,0,0,0.9894888401031494,0.9894888401031494,0.7301111221313477,2.002716064453125e-05,2.002716064453125e-05,0.00010609626770019533,0.3991698169708252,0.43990915176297024,0.2291884545622201,0.2907815222196605,0.2906351507544852,0.2234952537013173,119.75094509124756,106.4580147266388,13.292930364608765,2.513550101459554,2.0292115437032288,0.48433855775632595,30.346315842870503,28.408961611845204,1.937354231025304,14,4,12.073089700996675,3.9506927774666174,15.60797342192691,14,14,14.0,0.0,0.0,4,4,4.0,0.0,0.0,301,243,58,3634,3402,232,119.75094501805114,0.2386831275720165,0,0,0,243,243,0,58,0,58,0,0,0,0,243,0,58,0,0,301,301,0,0,0,0,0,0,0,04/25/2020 02:44:48,73.18181818181819,0.0,34.73618958951867,0.0,5.227272727272728,0.0,252,16137,4860,1160,0,0,243,0,0,0,0,0,0,0,0,0,0,0,243,0,0,0,0,0,m_sp_na_1_DoS
192.168.1.26_192.168.1.20_2404_50048_IEC60870-5-104,IEC-60870-5-104,192.168.1.26,192.168.1.20,2404,50048,0,0,0,0,0,0,0,0,0,0,0.9974951744079592,0.9974951744079592,0.7284009456634521,1.6927719116210938e-05,1.6927719116210938e-05,9.79900360107422e-05,0.40268305004043065,0.4444170445203781,0.22999065908892397,0.2841655836216085,0.2786785996388861,0.2396592480058801,119.99954891204834,106.66009068489076,13.339458227157593,2.491676030777568,2.0083408809946293,0.4833351497829399,30.050112933056567,28.116772333924807,1.93334059913176,14,4,12.06020066889632,3.9607624121842213,15.687638885771365,14,14,14.0,0.0,0.0,4,4,4.0,0.0,0.0,299,241,58,3606,3374,232,119.99954902110291,0.2406639004149377,0,0,0,241,241,0,58,0,58,0,0,0,0,241,0,58,0,0,299,299,0,0,0,0,0,0,0,04/25/2020 02:46:48,75.33333333333333,0.0,35.869261394317554,0.0,5.3809523809523805,0.0,251,16185,4820,1160,0,0,241,0,0,0,0,0,0,0,0,0,0,0,241,0,0,0,0,0,m_sp_na_1_DoS
192.168.1.26_192.168.1.20_2404_50048_IEC60870-5-104,IEC-60870-5-104,192.168.1.26,192.168.1.20,2404,50048,0,0,0,0,0,0,0,0,0,0,0.9976508617401124,0.9976508617401124,0.7497410774230957,1.811981201171875e-05,1.811981201171875e-05,9.79900360107422e-05,0.3935593032207426,0.4398517816393207,0.21361595969046315,0.27795249935134764,0.2710519494363484,0.22814998834126746,119.248468875885,106.0042793750763,13.244189500808716,2.5492989777961013,2.0293761599561058,0.5199228178399941,30.490957510745467,28.32740772037904,2.163549790366428,14,4,11.960526315789476,4.035946695470361,16.288865728678132,14,4,13.958677685950413,0.6428243465332251,0.4132231404958678,14,4,4.161290322580645,1.2700012700019052,1.612903225806452,304,242,62,3636,3378,258,119.24846895079041,0.25619834710743805,0,0,0,242,241,1,62,1,61,0,0,0,0,242,0,62,0,0,304,304,0,0,0,0,0,0,0,04/25/2020 02:48:48,75.5609756097561,0.0,36.783565264517065,0.0,5.414634146341463,0.0,255,16209,4840,1240,0,0,240,0,0,1,1,0,0,0,0,0,0,0,240,0,0,2,0,0,m_sp_na_1_DoS
192.168.1.26_192.168.1.20_2404_50048_IEC60870-5-104,IEC-60870-5-104,192.168.1.26,192.168.1.20,2404,50048,0,0,0,0,0,0,0,0,0,0,0.984694004058838,0.984694004058838,0.7428600788116455,1.9073486328125e-05,1.9073486328125e-05,0.00012087821960449221,0.3986683755221953,0.4347552343028215,0.2537194927533468,0.28580466409693794,0.2878233072609325,0.2273164973660129,119.9991810321808,104.77601146697998,15.223169565200806,2.51668384185816,2.01668042956846,0.5000034122897009,30.23353966311723,28.23352601395842,2.0000136491588028,14,4,12.013245033112582,3.9966543399675216,15.973245913181227,14,14,14.0,0.0,0.0,4,4,4.0,0.0,0.0,302,242,60,3628,3388,240,119.99918105606079,0.2479338842975207,0,0,0,242,242,0,60,0,60,0,0,0,0,242,0,60,0,0,302,302,0,0,0,0,0,0,0,04/25/2020 02:50:48,70.62222222222222,0.0,35.681329084373424,0.0,5.044444444444443,0.0,254,16265,4840,1200,0,0,242,0,0,0,0,0,0,0,0,0,0,0,242,0,0,0,0,0,m_sp_na_1_DoS
192.168.1.26_192.168.1.20_2404_50048_IEC60870-5-104,IEC-60870-5-104,192.168.1.26,192.168.1.20,2404,50048,0,0,0,0,0,0,0,0,0,0,0.9837710857391356,0.9837710857391356,0.7290749549865723,1.9788742065429688e-05,1.9788742065429688e-05,0.0001080036163330078,0.4013369394385297,0.43732578555742896,0.2549416331921593,0.2878995688248843,0.28888083127014913,0.2341420568447649,119.99974489212036,104.95818853378296,15.041556358337402,2.500005313785086,2.0083376020740187,0.4916677117110668,30.08339727588052,28.116726429036266,1.9666708468442675,14,4,12.033333333333333,3.981422858999376,15.851727982162766,14,14,14.0,0.0,0.0,4,4,4.0,0.0,0.0,300,241,59,3610,3374,236,119.99974493885806,0.24481327800829875,0,0,0,241,241,0,59,0,59,0,0,0,0,241,0,59,0,0,300,300,0,0,0,0,0,0,0,04/25/2020 02:52:49,68.47826086956522,0.0,36.20956648700017,0.0,4.891304347826087,0.0,252,16317,4820,1180,0,0,241,0,0,0,0,0,0,0,0,0,0,0,241,0,0,0,0,0,m_sp_na_1_DoS
192.168.1.20_192.168.1.26_50048_2404_IEC60870-5-104,IEC-60870-5-104,192.168.1.20,192.168.1.26,50048,2404,0,0,0,0,0,0,0,0,0,0,0.9969491958618164,0.7042098045349121,0.9969491958618164,1.7881393432617188e-05,0.00010085105895996094,1.7881393432617188e-05,0.4003724884428707,0.22439926436969213,0.4409259886408048,0.2716588953604819,0.2164455426662216,0.2672288908313173,119.71137404441832,12.566358804702759,107.14501523971558,2.5060275405827435,0.4761452327107213,2.0298823078720227,30.322933241051192,1.9045809308428847,28.41835231020832,14,4,12.1,3.929563789010983,15.441471571906355,4,4,4.0,0.0,0.0,14,14,14.0,0.0,0.0,300,57,243,3630,228,3402,119.7113739341583,4.2631578947368425,0,0,0,243,0,243,57,57,0,0,0,0,0,57,0,243,0,0,300,300,0,0,0,0,0,0,0,04/25/2020 02:54:49,0.0,74.77272727272727,0.0,36.601673257174355,0.0,5.340909090909091,16281,255,1140,4860,0,0,243,0,0,0,0,0,0,0,0,0,0,0,243,0,0,0,0,0,m_sp_na_1_DoS
192.168.1.26_192.168.1.20_2404_50048_IEC60870-5-104,IEC-60870-5-104,192.168.1.26,192.168.1.20,2404,50048,0,0,0,0,0,0,0,0,0,0,0.9575698375701904,0.9575698375701904,0.7272129058837891,2.408027648925781e-05,2.408027648925781e-05,0.00017189979553222656,0.4081628095536005,0.4410957973527711,0.2584109216366174,0.2567411796906953,0.2520029943707491,0.2245565331978137,119.99986600875854,106.30408716201781,13.695778846740724,2.458336079117043,2.0166689191400837,0.4416671599769602,30.00003350786901,28.233364867961164,1.7666686399078408,14,4,12.203389830508476,3.8455719787976816,14.788423844113918,14,14,14.0,0.0,0.0,4,4,4.0,0.0,0.0,295,242,53,3600,3388,212,119.99986596867369,0.2190082644628099,0,0,0,242,242,0,53,0,53,0,0,0,0,242,0,53,0,0,295,295,0,0,0,0,0,0,0,04/25/2020 02:56:49,72.1304347826087,0.0,37.28909158311029,0.0,5.1521739130434785,0.0,255,16401,4840,1060,0,0,242,0,0,0,0,0,0,0,0,0,0,0,242,0,0,0,0,0,m_sp_na_1_DoS
192.168.1.26_192.168.1.20_2404_50048_IEC60870-5-104,IEC-60870-5-104,192.168.1.26,192.168.1.20,2404,50048,0,0,0,0,0,0,0,0,0,0,0.9730498790740968,0.9730498790740968,0.7311549186706543,2.408027648925781e-05,2.408027648925781e-05,9.703636169433594e-05,0.4017990003496209,0.4313744433590623,0.2681618134180705,0.25390157053855605,0.25062143635972073,0.22593607920590605,119.736102104187,105.2553641796112,14.480737924575806,2.497158291461876,2.046166493003878,0.4509917984579977,30.51711169565784,28.62962750211141,1.8874841935464348,22,4,12.220735785953178,3.8934773531838265,15.159165899755335,22,4,13.991836734693878,0.8197952400022079,0.6720642355302777,14,4,4.185185185185185,1.3608276348795434,1.8518518518518519,299,245,54,3654,3428,226,119.73610204139707,0.22040816326530613,0,0,0,245,244,1,54,1,53,0,0,0,0,245,0,54,0,0,299,299,0,0,0,0,0,0,0,04/25/2020 02:58:50,73.5909090909091,0.0,37.446548319306274,0.0,5.2727272727272725,0.0,254,16415,4900,1080,0,0,242,0,0,1,1,0,0,0,0,0,0,1,243,0,0,2,0,0,m_sp_na_1_DoS
192.168.1.26_192.168.1.20_2404_50048_IEC60870-5-104,IEC-60870-5-104,192.168.1.26,192.168.1.20,2404,50048,0,0,0,0,0,0,0,0,0,0,0.9254450798034668,0.9254450798034668,0.7225329875946045,2.002716064453125e-05,2.002716064453125e-05,9.894371032714844e-05,0.4100520896585021,0.4385679865481963,0.2814615357596919,0.2587893631558497,0.2575550947643982,0.2249129854714679,119.73521018028259,104.81774878501892,14.917461395263672,2.4470663207375205,2.0044229248361947,0.4426433959013264,29.832494531312037,28.06192094770673,1.7705735836053051,14,4,12.191126279863482,3.85583392199389,14.867455233998784,14,14,14.0,0.0,0.0,4,4,4.0,0.0,0.0,293,240,53,3572,3360,212,119.7352100827789,0.22083333333333333,0,0,0,240,240,0,53,0,53,0,0,0,0,240,0,53,0,0,293,293,0,0,0,0,0,0,0,04/25/2020 03:00:50,75.20930232558139,0.0,36.188999770512055,0.0,5.372093023255813,0.0,253,16077,4800,1060,0,0,240,0,0,0,0,0,0,0,0,0,0,0,240,0,0,0,0,0,m_sp_na_1_DoS
192.168.1.26_192.168.1.20_2404_50048_IEC60870-5-104,IEC-60870-5-104,192.168.1.26,192.168.1.20,2404,50048,0,0,0,0,0,0,0,0,0,0,0.9962458610534668,0.9962458610534668,0.7276761531829834,1.811981201171875e-05,1.811981201171875e-05,0.00015401840209960938,0.4114637358491773,0.4410162151608008,0.2756359943976769,0.2620282062548894,0.2573093557292301,0.24194595224651985,119.7359471321106,105.40287542343141,14.3330717086792,2.4386995471346142,2.0044105866859843,0.43428896044862975,29.79890405539829,28.061748213603774,1.73715584179452,14,4,12.219178082191785,3.832387124848815,14.687191074706964,14,14,14.0,0.0,0.0,4,4,4.0,0.0,0.0,292,240,52,3568,3360,208,119.73594711291504,0.21666666666666667,0,0,0,240,240,0,52,0,52,0,0,0,0,240,0,52,0,0,292,292,0,0,0,0,0,0,0,04/25/2020 03:02:50,76.18604651162791,0.0,36.51327838917147,0.0,5.441860465116278,0.0,251,16149,4800,1040,0,0,240,0,0,0,0,0,0,0,0,0,0,0,240,0,0,0,0,0,m_sp_na_1_DoS
192.168.1.26_192.168.1.20_2404_50048_IEC60870-5-104,IEC-60870-5-104,192.168.1.26,192.168.1.20,2404,50048,0,0,0,0,0,0,0,0,0,0,0.9897811412811279,0.9897811412811279,0.7249710559844971,1.811981201171875e-05,1.811981201171875e-05,9.393692016601562e-05,0.4086519386174329,0.4549199916328845,0.20387296323423032,0.27438115353372017,0.2652647910893585,0.21544878016682809,119.73501801490784,108.7258780002594,11.009140014648438,2.4554220231533552,2.0044261413496773,0.4509958818036775,29.8659495061102,28.061965978895486,1.8039835272147104,14,4,12.16326530612245,3.878778908388233,15.044925820157411,14,14,14.0,0.0,0.0,4,4,4.0,0.0,0.0,294,240,54,3576,3360,216,119.73501794303895,0.225,0,0,0,240,240,0,54,0,54,0,0,0,0,240,0,54,0,0,294,294,0,0,0,0,0,0,0,04/25/2020 03:04:50,76.33333333333333,0.0,35.945155496152736,0.0,5.4523809523809526,0.0,256,16185,4800,1080,0,0,240,0,0,0,0,0,0,0,0,0,0,0,240,0,0,0,0,0,m_sp_na_1_DoS
192.168.1.26_192.168.1.20_2404_50048_IEC60870-5-104,IEC-60870-5-104,192.168.1.26,192.168.1.20,2404,50048,0,0,0,0,0,0,0,0,0,0,0.9862079620361328,0.9862079620361328,0.7159199714660645,2.312660217285156e-05,2.312660217285156e-05,6.389617919921875e-05,0.4123708415277225,0.4489360173543294,0.240299425873102,0.2598138073104612,0.25398549152090144,0.2157521528458724,119.99991488456726,107.74464416503906,12.255270719528198,2.4333350589602647,2.00833475756652,0.425000301393745,29.816687811506263,28.11668660593128,1.7000012055749798,14,4,12.253424657534245,3.8032571387850975,14.464764863719811,14,14,14.0,0.0,0.0,4,4,4.0,0.0,0.0,292,241,51,3578,3374,204,119.99991490065001,0.2116182572614108,0,0,0,241,241,0,51,0,51,0,0,0,0,241,0,51,0,0,292,292,0,0,0,0,0,0,0,04/25/2020 03:06:50,76.83720930232558,0.0,36.276670571971756,0.0,5.488372093023256,0.0,255,16233,4820,1020,0,0,241,0,0,0,0,0,0,0,0,0,0,0,241,0,0,0,0,0,m_sp_na_1_DoS
192.168.1.26_192.168.1.20_2404_50048_IEC60870-5-104,IEC-60870-5-104,192.168.1.26,192.168.1.20,2404,50048,0,0,0,0,0,0,0,0,0,0,0.9978051185607908,0.9978051185607908,0.733651876449585,1.5974044799804688e-05,1.5974044799804688e-05,9.894371032714844e-05,0.4095541462556494,0.451519368092219,0.21952295303344727,0.27598581527494204,0.26838179152161146,0.22742870411108626,119.99936485290527,108.36464834213257,11.634716510772705,2.4500129654613105,2.008343961483592,0.4416690039777192,29.883491476681147,28.116815460770287,1.766676015910877,14,4,12.197278911564624,3.8506937556443694,14.827842399758534,14,14,14.0,0.0,0.0,4,4,4.0,0.0,0.0,294,241,53,3586,3374,212,119.99936496035765,0.2199170124481328,0,0,0,241,241,0,53,0,53,0,0,0,0,241,0,53,0,0,294,294,0,0,0,0,0,0,0,04/25/2020 03:08:50,78.66666666666667,0.0,34.97614878599629,0.0,5.61904761904762,0.0,253,16281,4820,1060,0,0,241,0,0,0,0,0,0,0,0,0,0,0,241,0,0,0,0,0,m_sp_na_1_DoS
192.168.1.20_192.168.1.26_50048_2404_IEC60870-5-104,IEC-60870-5-104,192.168.1.20,192.168.1.26,50048,2404,0,0,0,0,0,0,0,0,0,0,0.9888479709625244,0.6863617897033691,0.9888479709625244,2.288818359375e-05,8.988380432128906e-05,2.288818359375e-05,0.4088493931415545,0.2345859087430513,0.44644981301177095,0.26276654396117577,0.20902212238522197,0.2583074469137264,119.79287219047545,12.198467254638672,107.59440493583679,2.454236173151607,0.44243033053413305,2.0118058426174734,29.93500311878116,1.7697213221365322,28.16528179664462,14,4,12.197278911564624,3.8506937556443694,14.827842399758534,4,4,4.0,0.0,0.0,14,14,14.0,0.0,0.0,294,53,241,3586,212,3374,119.7928721026306,4.547169811320755,0,0,0,241,0,241,53,53,0,0,0,0,0,53,0,241,0,0,294,294,0,0,0,0,0,0,0,04/25/2020 03:10:51,0.0,78.66666666666667,0.0,35.47395115234779,0.0,5.61904761904762,16253,251,1060,4820,0,0,241,0,0,0,0,0,0,0,0,0,0,0,241,0,0,0,0,0,m_sp_na_1_DoS
192.168.1.26_192.168.1.20_2404_50048_IEC60870-5-104,IEC-60870-5-104,192.168.1.26,192.168.1.20,2404,50048,0,0,0,0,0,0,0,0,0,0,0.9625911712646484,0.9625911712646484,0.734238862991333,2.002716064453125e-05,2.002716064453125e-05,6.699562072753906e-05,0.4081616839584039,0.44040422737598417,0.26486149099138045,0.2629046388217842,0.25852493271255705,0.2347153032283253,119.99953508377077,105.6970145702362,14.302520513534546,2.4583428572609427,2.0083411138979232,0.45000174336302,29.916782568023013,28.116775594570925,1.8000069734520803,14,4,12.169491525423727,3.8736531228395243,15.005188516084399,14,14,14.0,0.0,0.0,4,4,4.0,0.0,0.0,295,241,54,3590,3374,216,119.99953510499573,0.22406639004149376,0,0,0,241,241,0,54,0,54,0,0,0,0,241,0,54,0,0,295,295,0,0,0,0,0,0,0,04/25/2020 03:12:51,74.13636363636364,0.0,36.816029667715576,0.0,5.295454545454546,0.0,251,16365,4820,1080,0,0,241,0,0,0,0,0,0,0,0,0,0,0,241,0,0,0,0,0,m_sp_na_1_DoS
192.168.1.26_192.168.1.20_2404_50048_IEC60870-5-104,IEC-60870-5-104,192.168.1.26,192.168.1.20,2404,50048,0,0,0,0,0,0,0,0,0,0,0.97816801071167,0.97816801071167,0.7334327697753906,1.811981201171875e-05,1.811981201171875e-05,7.104873657226562e-05,0.4002187516065252,0.4343857390821473,0.2525685557297298,0.25992971387187863,0.2540905916029661,0.2336881510893732,119.2651879787445,105.12134885787964,14.143839120864868,2.5070182260377405,2.037476350926992,0.4695418751107473,30.40283641342088,28.440822149565268,1.9620142638556224,14,4,12.127090301003346,3.9079898232033967,15.272384458261321,14,4,13.958847736625517,0.6415002990995842,0.411522633744856,14,4,4.178571428571429,1.336306209562122,1.7857142857142858,299,243,56,3626,3392,234,119.26518798092651,0.2304526748971193,0,0,0,243,242,1,56,1,55,0,0,0,0,243,0,56,0,0,299,299,0,0,0,0,0,0,0,04/25/2020 03:14:51,78.09523809523809,0.0,36.304967616466996,0.0,5.595238095238094,0.0,255,16389,4860,1120,0,0,241,0,0,1,1,0,0,0,0,0,0,0,241,0,0,2,0,0,m_sp_na_1_DoS
192.168.1.26_192.168.1.20_2404_50048_IEC60870-5-104,IEC-60870-5-104,192.168.1.26,192.168.1.20,2404,50048,0,0,0,0,0,0,0,0,0,0,0.9961152076721193,0.9961152076721193,0.6970818042755127,1.9788742065429688e-05,1.9788742065429688e-05,0.00011205673217773438,0.4054038242713825,0.4351725982240409,0.2719956150761357,0.2681650363676315,0.26732106499401354,0.2305308292930724,119.99953198432922,105.31176877021791,14.687763214111328,2.4750096524743874,2.025007897479044,0.4500017549953431,30.150117584687983,28.350110564706625,1.8000070199813727,14,4,12.181818181818182,3.8634556974669616,14.926289926289927,14,14,14.0,0.0,0.0,4,4,4.0,0.0,0.0,297,243,54,3618,3402,216,119.999532003067,0.2222222222222222,0,0,0,243,243,0,54,0,54,0,0,0,0,243,0,54,0,0,297,297,0,0,0,0,0,0,0,04/25/2020 03:16:51,75.86046511627906,0.0,35.526632389674305,0.0,5.418604651162791,0.0,254,16065,4860,1080,0,0,243,0,0,0,0,0,0,0,0,0,0,0,243,0,0,0,0,0,m_sp_na_1_DoS
192.168.1.26_192.168.1.20_2404_50048_IEC60870-5-104,IEC-60870-5-104,192.168.1.26,192.168.1.20,2404,50048,0,0,0,0,0,0,0,0,0,0,0.9639830589294434,0.9639830589294434,0.7300448417663574,2.312660217285156e-05,2.312660217285156e-05,0.00011897087097167969,0.4067785351963367,0.439371166150432,0.2579593523493353,0.26668390555401,0.2623281599653983,0.2359036609656085,119.99966788291931,106.32782220840454,13.67184567451477,2.466673493230851,2.025005604240192,0.4416678889906592,30.11675001532531,28.350078459362678,1.7666715559626367,14,4,12.20945945945946,3.840468506692024,14.749198350893266,14,14,14.0,0.0,0.0,4,4,4.0,0.0,0.0,296,243,53,3614,3402,212,119.99966789779666,0.21810699588477367,0,0,0,243,243,0,53,0,53,0,0,0,0,243,0,53,0,0,296,296,0,0,0,0,0,0,0,04/25/2020 03:18:52,77.66666666666667,0.0,35.712707623631765,0.0,5.547619047619048,0.0,252,16089,4860,1060,0,0,243,0,0,0,0,0,0,0,0,0,0,0,243,0,0,0,0,0,m_sp_na_1_DoS
192.168.1.26_192.168.1.20_2404_50048_IEC60870-5-104,IEC-60870-5-104,192.168.1.26,192.168.1.20,2404,50048,0,0,0,0,0,0,0,0,0,0,0.973809003829956,0.973809003829956,0.6116209030151367,2.408027648925781e-05,2.408027648925781e-05,9.79900360107422e-05,0.4084401400121924,0.4444894391622504,0.2458782061091009,0.253543462194967,0.2542015483631543,0.17630560905893938,119.26452088356018,106.23297595977785,13.031544923782349,2.4567239077829366,2.0123335763409718,0.4443903314419647,29.950231394541454,28.172670068773602,1.7775613257678584,14,4,12.191126279863482,3.85583392199389,14.867455233998784,14,14,14.0,0.0,0.0,4,4,4.0,0.0,0.0,293,240,53,3572,3360,212,119.26452096296694,0.22083333333333333,0,0,0,240,240,0,53,0,53,0,0,0,0,240,0,53,0,0,293,293,0,0,0,0,0,0,0,04/25/2020 03:20:52,77.51219512195122,0.0,35.668317020315925,0.0,5.536585365853658,0.0,251,16137,4800,1060,0,0,240,0,0,0,0,0,0,0,0,0,0,0,240,0,0,0,0,0,m_sp_na_1_DoS
192.168.1.26_192.168.1.20_2404_50048_IEC60870-5-104,IEC-60870-5-104,192.168.1.26,192.168.1.20,2404,50048,0,0,0,0,0,0,0,0,0,0,0.9783248901367188,0.9783248901367188,0.7090418338775635,2.288818359375e-05,2.288818359375e-05,0.00011301040649414062,0.4067784236649336,0.4437450726826986,0.2454694097692316,0.26732316395756645,0.26370463221030244,0.22071179096692994,119.99963498115541,106.49881744384766,13.50081753730774,2.4666741689672995,2.0083394416254032,0.4583347273418969,29.95009109212323,28.116752182755643,1.8333389093675883,14,4,12.141891891891891,3.896126081444273,15.179798442510304,14,14,14.0,0.0,0.0,4,4,4.0,0.0,0.0,296,241,55,3594,3374,220,119.99963502432252,0.2282157676348548,0,0,0,241,241,0,55,0,55,0,0,0,0,241,0,55,0,0,296,296,0,0,0,0,0,0,0,04/25/2020 03:22:52,76.0,0.0,35.919074190813994,0.0,5.428571428571429,0.0,256,16197,4820,1100,0,0,241,0,0,0,0,0,0,0,0,0,0,0,241,0,0,0,0,0,m_sp_na_1_DoS
192.168.1.20_192.168.1.26_50048_2404_IEC60870-5-104,IEC-60870-5-104,192.168.1.20,192.168.1.26,50048,2404,0,0,0,0,0,0,0,0,0,0,0.9717321395874025,0.7308549880981445,0.9717321395874025,1.883506774902344e-05,0.00015687942504882812,1.883506774902344e-05,0.41174160491969575,0.2468113384994806,0.44678928653399147,0.2668498047149439,0.22833046092202666,0.2616468131304156,119.81680703163148,12.58737826347351,107.22942876815796,2.4370537601013167,0.4339958750865358,2.003057885014781,29.77879389055308,1.735983500346143,28.042810390206927,14,4,12.219178082191785,3.832387124848815,14.687191074706964,4,4,4.0,0.0,0.0,14,14,14.0,0.0,0.0,292,52,240,3568,208,3360,119.81680699069211,4.615384615384615,0,0,0,240,0,240,52,52,0,0,0,0,0,52,0,240,0,0,292,292,0,0,0,0,0,0,0,04/25/2020 03:24:53,0.0,75.20930232558139,0.0,36.12233946096957,0.0,5.372093023255813,16169,253,1040,4800,0,0,240,0,0,0,0,0,0,0,0,0,0,0,240,0,0,0,0,0,m_sp_na_1_DoS
192.168.1.26_192.168.1.20_2404_50048_IEC60870-5-104,IEC-60870-5-104,192.168.1.26,192.168.1.20,2404,50048,0,0,0,0,0,0,0,0,0,0,0.9321739673614502,0.9321739673614502,0.725661039352417,2.193450927734375e-05,2.193450927734375e-05,0.0001080036163330078,0.4080050032155043,0.43539919753869377,0.2862530284457737,0.2915907020278768,0.2941507349842113,0.2477215180877021,119.95347094535828,104.4958074092865,15.457663536071776,2.459286901054968,2.0091123496754144,0.4501745513795534,29.928271100974,28.127572895455803,1.8006982055182137,14,4,12.169491525423727,3.8736531228395243,15.005188516084399,14,14,14.0,0.0,0.0,4,4,4.0,0.0,0.0,295,241,54,3590,3374,216,119.95347101367187,0.22406639004149376,0,0,0,241,241,0,54,0,54,0,0,0,0,241,0,54,0,0,295,295,0,0,0,0,0,0,0,04/25/2020 03:26:53,76.33333333333333,0.0,37.77111451543343,0.0,5.4523809523809526,0.0,253,16277,4820,1080,0,0,241,0,0,0,0,0,0,0,0,0,0,0,241,0,0,0,0,0,m_sp_na_1_DoS
192.168.1.26_192.168.1.20_2404_50048_IEC60870-5-104,IEC-60870-5-104,192.168.1.26,192.168.1.20,2404,50048,0,0,0,0,0,0,0,0,0,0,0.9319920539855956,0.9319920539855956,0.7064590454101562,2.002716064453125e-05,2.002716064453125e-05,0.00013089179992675779,0.40042664215317536,0.4455359081015053,0.21298986467821845,0.2675308000323077,0.2619312654335398,0.2023836316892801,119.72756600379944,107.37415385246277,12.35341215133667,2.5056886217566494,2.0212554882170304,0.4844331335396189,30.235309369196898,28.214053880979858,2.0212554882170304,14,4,12.066666666666665,3.955719227174288,15.647714604236345,14,4,13.958677685950413,0.6428243465332251,0.4132231404958678,14,4,4.172413793103448,1.3130643285972257,1.7241379310344829,300,242,58,3620,3378,242,119.72756606512449,0.2396694214876033,0,0,0,242,241,1,58,1,57,0,0,0,0,242,0,58,0,0,300,300,0,0,0,0,0,0,0,04/25/2020 03:28:53,67.6,0.0,38.00504924939653,0.0,4.844444444444443,0.0,252,16283,4840,1160,0,0,240,0,0,1,1,0,0,0,0,0,0,0,240,0,0,2,0,0,m_sp_na_1_DoS
192.168.1.26_192.168.1.20_2404_50048_IEC60870-5-104,IEC-60870-5-104,192.168.1.26,192.168.1.20,2404,50048,0,0,0,0,0,0,0,0,0,0,0.9863169193267822,0.9863169193267822,0.7785191535949707,1.5020370483398438e-05,1.5020370483398438e-05,9.608268737792967e-05,0.4096290450735191,0.44632825691829664,0.24095382140232965,0.29865059803503763,0.2995436685336149,0.2304932727338545,119.20205211639404,106.6724534034729,12.529598712921144,2.4496222577452595,2.0133881570508994,0.43623410069436136,29.93237060149002,28.18743419871257,1.7449364027774454,14,4,12.219178082191785,3.832387124848815,14.687191074706964,14,14,14.0,0.0,0.0,4,4,4.0,0.0,0.0,292,240,52,3568,3360,208,119.20205210282896,0.21666666666666667,0,0,0,240,240,0,52,0,52,0,0,0,0,240,0,52,0,0,292,292,0,0,0,0,0,0,0,04/25/2020 03:30:53,74.45454545454545,0.0,37.77379384938168,0.0,5.318181818181818,0.0,256,16353,4800,1040,0,0,240,0,0,0,0,0,0,0,0,0,0,0,240,0,0,0,0,0,m_sp_na_1_DoS
192.168.1.26_192.168.1.20_2404_50048_IEC60870-5-104,IEC-60870-5-104,192.168.1.26,192.168.1.20,2404,50048,0,0,0,0,0,0,0,0,0,0,0.9907419681549072,0.9907419681549072,0.714954137802124,1.7881393432617188e-05,1.7881393432617188e-05,9.012222290039062e-05,0.4088709289612977,0.44544675334399897,0.24150882345257385,0.2876722714544571,0.28659953445609193,0.2302847142663365,75.23225092887878,67.26245975494385,7.9697911739349365,2.459051771337556,2.020410104017884,0.4386416673196722,30.040308125529066,28.285741456250378,1.7545666692786883,14,4,12.216216216216214,3.838698369289749,14.735605170387778,14,14,14.0,0.0,0.0,4,4,4.0,0.0,0.0,185,152,33,2260,2128,132,75.23225096614074,0.21710526315789475,0,0,0,152,152,0,33,0,33,0,0,0,0,152,0,33,0,0,185,185,0,0,0,0,0,0,0,04/25/2020 03:32:53,79.33333333333333,0.0,36.43625278553622,0.0,5.666666666666668,0.0,255,16181,3040,660,0,0,152,0,0,0,0,0,0,0,0,0,0,0,152,0,0,0,0,0,m_sp_na_1_DoS
